time,current
Starting data collection:
262236,2.13500
262337,1.67196
262437,1.72596
262537,1.29062
262637,1.71986
262737,1.54925
262837,1.60590
262937,1.99176
263039,1.03212
263144,1.81771
263244,1.53280
263347,1.48089
263447,1.49676
263550,1.97477
263650,1.79614
263750,1.65075
263850,1.70272
263950,1.36490
264054,1.31999
264154,1.59120
264254,1.85240
264354,1.23010
264454,1.33651
264554,1.66489
264654,1.59650
264754,1.54509
264857,1.70772
264957,1.95151
265057,2.10045
265157,1.55251
265257,1.63430
265357,1.84570
265460,1.40525
265563,1.78743
265663,1.84731
265763,1.58692
265865,1.30068
265965,1.79199
266065,1.68694
266168,1.54938
266268,1.66109
266368,1.59564
266469,1.32108
266569,1.67968
266669,1.03492
266771,1.59513
266872,1.51791
266974,1.68686
267074,1.96395
267181,2.07873
267281,1.73188
267383,1.77953
267484,1.62730
267584,1.70397
267684,1.79934
267788,1.45606
267890,1.69013
267990,1.36874
268090,1.80100
268190,1.52121
268291,1.89323
268392,1.82685
268492,1.34239
268592,1.71954
268692,1.35219
268792,1.57755
268894,2.12923
268995,1.69750
269097,1.91019
269197,1.90079
269298,1.59580
269400,1.95732
269500,1.89124
269600,2.14263
269700,1.85520
269801,1.75476
269901,1.78064
270004,1.66739
270104,1.66192
270204,1.56256
270307,1.68421
270407,2.08079
270507,1.82333
270607,1.43929
270710,1.80592
270813,1.65231
270913,1.73083
271013,1.76863
271113,1.62339
271218,1.57091
271318,1.77445
271418,2.22299
271518,1.97062
271618,1.70656
271719,1.32045
271819,1.83708
271919,2.20375
272020,2.21084
272120,1.91195
272221,1.96806
272321,1.91996
272421,1.68671
272521,1.68085
272622,1.94948
272722,1.83769
272825,1.92689
272928,2.17704
273030,2.16021
273130,1.95574
273230,1.73208
273330,1.94542
273430,2.02382
273530,1.24599
273630,1.89725
273732,1.83873
273833,2.08314
273935,2.04059
274036,2.21032
274136,1.63656
274238,2.11952
274338,1.92221
274440,2.02821
274540,1.77607
274640,1.59032
274740,1.77410
274840,1.87744
274942,1.53879
275044,2.05495
275144,2.03238
275244,1.67754
275344,1.99391
275446,1.87691
275546,1.68346
275648,1.76154
275749,1.58771
275849,1.18796
275949,1.57170
276050,1.34466
276150,1.31815
276250,1.80310
276352,1.64572
276453,1.89624
276554,1.35595
276654,1.07722
276755,1.52857
276855,1.52996
276955,1.54900
277055,1.62392
277155,1.75418
277255,1.68597
277355,1.02025
277455,1.88578
277555,1.38046
277659,1.42273
277761,1.62966
277861,0.97967
277961,0.80594
278061,1.25607
278164,1.70202
278266,1.67574
278367,1.60700
278467,1.60287
278568,1.26480
278668,1.37626
278770,1.63569
278871,1.69974
278972,1.18800
279072,1.44525
279172,1.69236
279273,1.96423
279374,1.22503
279474,1.68736
279574,1.27086
279677,1.53246
279777,1.72909
279879,1.52123
279981,1.10726
280082,1.52615
280182,0.88001
280282,1.40633
280382,1.19952
280482,1.42042
280584,1.59303
280684,1.58222
280784,1.83981
280884,1.59024
280984,1.87720
281084,1.75853
281184,1.81009
281286,1.61454
281386,1.72879
281486,1.57105
281586,1.43229
281688,1.26524
281788,1.86963
281888,1.17768
281991,1.65842
282091,1.78340
282191,1.52132
282291,1.41636
282391,1.13679
282491,1.52016
282592,1.77356
282692,1.41297
282792,1.15952
282894,1.44073
282994,1.57167
283097,1.51682
283197,1.18229
283298,1.57925
283398,1.35687
283499,1.56352
283602,1.93177
283702,1.03709
283805,1.64737
283905,1.84623
284007,1.51569
284107,1.93145
284209,0.65098
284311,1.46813
284411,1.17673
284511,1.53787
284611,1.74782
284711,1.24808
284811,2.00297
284911,0.80423
285013,1.28197
285113,1.81105
285213,1.37432
285316,2.01834
285416,1.68085
285516,1.54370
285617,2.21720
285717,1.22301
285817,2.10511
285918,1.23897
286019,1.62544
286119,1.41808
286219,1.00722
286319,1.49185
286422,1.80834
286522,1.69954
286625,1.63965
286725,1.84489
286825,1.33973
286925,1.27799
287025,1.73345
287125,1.75297
287225,1.59657
287325,0.66055
287425,1.66339
287525,1.28322
287625,1.38615
287729,1.61758
287830,1.53819
287930,1.78286
288032,1.49837
288133,1.83665
288234,1.64811
288335,1.74946
288436,1.82612
288538,1.97754
288638,1.82051
288738,2.01492
288839,1.70043
288939,1.65322
289039,1.58371
289140,1.53595
289240,1.39371
289340,1.59148
289442,1.56384
289542,1.28281
289642,0.92106
289742,1.66764
289844,1.64113
289944,2.04569
290044,1.09833
290146,1.37088
290248,1.42135
290349,1.48513
290449,1.76993
290549,2.11035
290649,1.81467
290749,1.47624
290850,1.88680
290950,1.09989
291054,1.58784
291155,0.81439
291255,1.35511
291358,0.83314
291458,0.81686
291559,1.25411
291659,1.23935
291759,0.90654
291859,1.59570
291961,0.91737
292063,1.16906
292163,1.65979
292264,1.09730
292364,1.56970
292464,1.27942
292564,2.17290
292664,1.47102
292764,2.08991
292864,0.75556
292964,1.41775
293071,1.20314
293171,1.94142
293271,1.67188
293376,1.36266
293477,1.89971
293577,1.72907
293677,1.49749
293780,0.83763
293880,1.36500
293983,1.69790
294083,2.06327
294183,1.29777
294283,1.04423
294384,1.47745
294484,1.94395
294584,2.25306
294684,1.26928
294784,1.83000
294884,1.46912
294986,1.57162
295086,1.60340
295186,1.03280
295286,1.31252
295388,1.62629
295488,1.45485
295588,2.10828
295688,1.79719
295788,1.68201
295891,1.75242
295991,1.75059
296091,1.75986
296191,1.30909
296292,1.94515
296394,1.77187
296494,1.79438
296594,1.24007
296697,1.72014
296800,1.36963
296900,1.00419
297000,1.72160
297100,1.40830
297203,0.77083
297305,1.65726
297407,1.56617
297507,1.38914
297607,1.38829
297707,1.28749
297807,1.11357
297908,1.49429
298008,1.49627
298108,1.45013
298208,1.46741
298308,1.62324
298408,1.60795
298508,1.48696
298612,1.44858
298714,1.88134
298814,1.99663
298914,1.97534
299019,1.19247
299119,1.04024
299219,1.85912
299319,1.47604
299420,1.75187
299522,1.82828
299622,1.57807
299727,1.64901
299829,1.71046
299929,1.73588
300034,1.47932
300134,1.18503
300234,1.23331
300338,1.09907
300438,1.54189
300541,1.88367
300641,1.46370
300741,1.39182
300841,1.03805
300946,1.54469
301046,1.87680
301146,1.36369
301246,1.30120
301346,1.06072
301449,1.39919
301551,1.36033
301651,1.60579
301753,1.50992
301853,1.52199
301953,1.64089
302056,1.32628
302156,1.85769
302256,1.87943
302359,1.71959
302462,1.95270
302562,1.96634
302662,1.89764
302762,1.77877
302863,1.56999
302965,1.92441
303065,1.69126
303167,1.49381
303267,1.68470
303369,1.89648
303469,1.61215
303571,1.26326
303671,1.96530
303771,1.56536
303871,1.85859
303972,1.70076
304073,1.90061
304175,1.69468
304275,1.69650
304375,1.67330
304475,1.52643
304575,1.64824
304675,1.49480
304775,1.47887
304878,1.48921
304978,1.35603
305078,1.68878
305178,1.75239
305283,1.25909
305385,1.78205
305485,1.36033
305585,1.82536
305685,1.50485
305789,1.52091
305890,1.52379
305990,1.59916
306092,1.13635
306192,1.84997
306295,1.72574
306395,1.91853
306495,1.53229
306597,1.65086
306697,1.48967
306800,1.32251
306900,1.42437
307000,1.86851
307100,1.60199
307200,1.88470
307300,1.76546
307402,1.16835
307502,1.88878
307602,1.24143
307703,1.27572
307805,2.10728
307905,1.49351
308005,2.10673
308105,1.89721
308205,1.67586
308305,1.25843
308405,2.12645
308510,1.36934
308610,1.70545
308711,1.55203
308813,1.99074
308913,1.17642
309016,1.61059
309116,1.67443
309219,1.76546
309322,1.33227
309422,1.40238
309522,1.58129
309626,1.56511
309726,1.30517
309826,1.69427
309926,1.62484
310028,1.26406
310128,2.06018
310231,1.90943
310331,1.25522
310431,1.58086
310531,1.88045
310632,1.32580
310734,1.72859
310834,1.23622
310934,1.75134
311034,1.84413
311134,1.75174
311238,1.17483
311340,1.70848
311441,1.25064
311541,1.52037
311746,1.65477
311864,1.04186
311969,1.63070
312069,1.06319
312169,1.56228
312271,1.21830
312371,1.25367
312473,1.33220
312575,1.68790
312675,1.29262
312777,1.31714
312877,1.42309
312980,0.80062
313084,1.33623
313184,1.37181
313284,1.27430
313384,1.03440
313485,1.19243
313585,1.35776
313685,1.18805
313785,1.38503
313886,1.15784
313986,1.13847
314086,1.63154
314189,1.23374
314293,1.43964
314393,1.01328
314498,1.24256
314598,1.60422
314698,1.57990
314799,0.92177
314899,1.37133
315001,1.35386
315101,0.79729
315201,1.48726
315301,0.95403
315401,1.47861
315501,1.17445
315601,0.89410
315701,1.31515
315801,0.95561
315901,1.17539
316003,0.24139
316103,1.12738
316205,0.85929
316305,1.36319
316410,1.41842
316510,1.41644
316613,0.60848
316713,1.07264
316813,1.53703
316913,1.52242
317016,1.08119
317116,0.99073
317219,0.53787
317319,0.51059
317419,1.22108
317522,1.37477
317622,1.16965
317724,1.28364
317825,0.88331
317925,1.35150
318026,1.41173
318128,1.06853
318228,1.23583
318328,0.95526
318429,1.80761
318531,1.33318
318635,2.03996
318735,1.45796
318835,1.51583
318938,1.32668
319038,0.47274
319141,1.25159
319241,1.38349
319341,0.32780
319441,1.26263
319541,1.09178
319641,0.87552
319742,0.60362
319842,0.79803
319943,0.49844
320043,1.18260
320145,0.80997
320247,0.24106
320347,0.85887
320448,1.74576
320548,1.25467
320648,1.26297
320748,0.85491
320848,1.25284
320950,1.97759
321052,0.96355
321152,0.60157
321255,0.96242
321355,0.50144
321455,1.35578
321557,1.26935
321657,1.69371
321760,1.16357
321860,1.38018
321960,1.13960
322063,1.44782
322163,1.20086
322263,1.37555
322363,0.96888
322463,0.76063
322564,1.41401
322666,0.44955
322768,1.09775
322868,0.26798
322972,1.07436
323072,0.46376
323172,0.70782
323272,1.14572
323372,1.43487
323472,1.80179
323572,1.18962
323673,1.46767
323773,1.65735
323877,1.60624
323977,1.04505
324081,0.88223
324181,1.92631
324281,1.23454
324381,1.86474
324482,1.35664
324582,2.14690
324682,1.46957
324782,1.78237
324883,1.09208
324984,0.66388
325084,1.07650
325184,1.53626
325284,1.21735
325385,1.30159
325485,0.66322
325585,0.94458
325687,1.16042
325787,1.36837
325889,0.88401
325989,0.06682
326089,1.52586
326189,0.72456
326289,1.29691
326389,0.20825
326490,1.04415
326590,0.96259
326690,0.41625
326795,0.50028
326895,0.61129
326999,0.78507
327099,0.59106
327202,1.24560
327304,0.93504
327405,1.86427
327506,0.95059
327606,1.64086
327706,1.57660
327806,1.51182
327906,0.72344
328010,0.87874
328110,1.40727
328213,1.23225
328314,1.19250
328414,1.28647
328518,1.33917
328618,0.32860
328718,1.69795
328825,1.13892
328925,0.94723
329028,0.95095
329128,0.81268
329229,0.76819
329329,1.66764
329429,0.70445
329529,1.37853
329630,1.26936
329731,1.01599
329832,0.80516
329932,0.16377
330037,0.43997
330137,0.53375
330237,0.66311
330337,0.81774
330437,1.04124
330542,0.92407
330642,1.00817
330742,1.00915
330847,0.50564
330947,0.55227
331050,1.07269
331150,0.44424
331250,1.75416
331351,1.24614
331451,1.16290
331551,1.11521
331651,1.13626
331751,0.76890
331853,1.07139
331953,0.99116
332056,1.04769
332156,1.02904
332261,0.97190
332361,1.61049
332461,1.32123
332561,1.60081
332661,0.45724
332764,0.55749
332865,1.77716
332965,1.17462
333065,1.07446
333166,0.93854
333266,1.16648
333367,1.25864
333467,1.42291
333570,1.18329
333671,1.60497
333771,1.17923
333872,0.70605
333972,2.07645
334072,1.57179
334172,1.41488
334274,1.12640
334376,1.88293
334478,0.81820
334579,1.21331
334679,1.85792
334779,1.09450
334881,1.25455
334982,1.44439
335082,0.61037
335184,0.68648
335284,1.11097
335384,0.65057
335484,1.40058
335585,1.41915
335685,1.75490
335785,1.49517
335886,1.25915
335986,2.04070
336089,0.95734
336189,0.62818
336289,1.38588
336390,1.35376
336491,1.21876
336592,1.49799
336692,0.80959
336792,1.14072
336892,1.21766
336993,1.47110
337093,1.70875
337193,1.17740
337293,1.62521
337393,1.83510
337493,0.58374
337593,1.30525
337693,1.55411
337793,1.37446
337894,1.22790
337994,1.20956
338094,1.05639
338194,1.26440
338294,1.53805
338394,1.11839
338494,1.23826
338595,1.61058
338697,1.28483
338797,1.00731
338897,1.71064
338999,1.22433
339099,1.75032
339199,1.71044
339299,1.78669
339400,1.72474
339500,1.35001
339602,1.22038
339702,1.41244
339802,1.77446
339904,1.65967
340004,1.44708
340104,1.44128
340204,1.62924
340304,1.44578
340404,1.70041
340507,1.30099
340607,1.48640
340707,1.50328
340811,1.09778
340911,0.70612
341014,1.43449
341114,1.34110
341216,1.51595
341316,1.74674
341420,0.72682
341520,1.10886
341622,1.08670
341724,1.20593
341824,1.32526
341924,0.90005
342024,0.81929
342127,1.01218
342228,1.52453
342330,1.79378
342430,1.47974
342530,0.82438
342631,1.96939
342731,0.97259
342834,1.71005
342934,2.12562
343034,1.56987
343134,1.40573
343236,1.34772
343336,1.60751
343438,1.09936
343539,0.97642
343641,1.17177
343741,1.07674
343841,1.58293
343942,1.37740
344042,1.64114
344142,1.35132
344244,1.00936
344344,0.89033
344445,1.07445
344546,1.42863
344646,1.65099
344750,1.14367
344852,1.69242
344952,1.05940
345052,1.22364
345155,1.32995
345255,1.07136
345360,1.36219
345460,1.46915
345560,1.65588
345662,1.69276
345768,1.89337
345870,1.90965
345971,1.64827
346072,1.93758
346173,0.88316
346273,1.56401
346373,1.57019
346473,1.68408
346573,1.24425
346673,1.22731
346775,1.36801
346875,1.07260
346975,1.48792
347078,1.68598
347178,1.77965
347279,0.60782
347379,1.47785
347481,1.82569
347581,1.70114
347684,1.85825
347784,1.64216
347889,1.67672
347989,1.69576
348089,1.47095
348189,1.39522
348289,1.83757
348394,1.29177
348596,1.51998
349019,1.57096
349119,1.58680
349219,1.88970
349319,1.74551
349419,2.00121
349520,2.14636
349620,1.70620
349722,1.82757
349822,1.90961
349924,1.74785
350025,1.80519
350125,1.54232
350225,1.17725
350325,2.03582
350425,1.62033
350528,1.82652
350628,1.63080
350728,1.60051
350828,1.86534
350930,1.55093
351033,1.59041
351134,1.36721
351234,1.83902
351334,1.92231
351434,1.93065
351534,1.97143
351635,1.71419
351735,1.25240
351837,1.56014
351937,1.73795
352038,1.30912
352140,1.66019
352241,1.84066
352341,1.71203
352444,1.62729
352544,1.43506
352648,1.47266
352749,1.12095
352849,1.39908
352949,1.82803
353051,1.20110
353151,2.06948
353253,1.86760
353353,2.00115
353456,1.58215
353556,1.58203
353656,1.41559
353756,1.98331
353856,1.44947
353957,1.69772
354057,1.64927
354160,1.66653
354262,1.97948
354365,0.64963
354465,1.42888
354565,1.47767
354665,1.59109
354765,1.50857
354865,1.54056
354965,1.64839
355065,1.67070
355167,1.68851
355267,1.52330
355370,1.88317
355470,1.46024
355570,1.62510
355670,1.44478
355771,1.07552
355871,1.36164
355972,1.17768
356072,1.26336
356172,1.33365
356272,0.88034
356372,0.99359
356476,0.85937
356576,0.49682
356679,1.20231
356782,1.95702
356882,1.34487
356982,1.59972
357082,1.84172
357182,0.42676
357282,1.95053
357382,1.00645
357482,2.09376
357585,1.70075
357685,1.74675
357785,1.73692
357885,1.43313
357985,1.66697
358085,1.11739
358185,1.08854
358288,1.10694
358388,0.68354
358488,1.09096
358589,1.48969
358689,1.29910
358791,1.50707
358892,1.50781
358992,1.42605
359095,1.65659
359195,1.70681
359299,1.72044
359401,1.61919
359501,1.44786
359601,1.19508
359701,1.16834
359805,1.04377
359906,1.28367
360006,1.31327
360107,1.63606
360207,0.68538
360307,1.38023
360409,1.32920
360509,0.93476
360609,0.88679
360711,0.80370
360813,1.36397
360913,1.75041
361013,1.43076
361113,1.48986
361217,1.59416
361317,1.30479
361417,1.37228
361517,1.08379
361617,1.51091
361717,1.41823
361822,1.69185
361922,1.67106
362022,1.96733
362122,1.59235
362222,1.38059
362322,1.57395
362422,1.77464
362523,1.58691
362624,1.60424
362724,1.22530
362824,1.55894
362925,1.70036
363025,1.66082
363125,1.68601
363225,1.13644
363326,1.88274
363426,1.46254
363527,1.96579
363627,1.51526
363727,1.77913
363827,1.76310
363928,1.78587
364028,1.77447
364131,1.65958
364231,2.01153
364331,1.50551
364431,1.52340
364531,1.50865
364631,1.38961
364731,1.95737
364831,1.98779
364931,1.84253
365031,1.58096
365131,1.72903
365231,1.63749
365333,1.95835
365433,2.17090
365533,1.70647
365636,1.71902
365736,1.70284
365839,1.74066
365943,1.82883
366043,1.88724
366146,1.43922
366246,1.41299
366346,1.49514
366447,1.95978
366548,1.32502
366648,1.66334
366752,2.06826
366852,1.27959
366952,1.13112
367052,1.28043
367152,1.57205
367254,1.24282
367354,1.49454
367456,1.54020
367556,0.89017
367656,1.56562
367756,1.38317
367856,1.48954
367956,1.11994
368056,0.97543
368159,1.00530
368259,1.89530
368362,0.97693
368462,1.65038
368562,1.25219
368663,0.23248
368765,0.88295
368865,1.40731
368965,0.91070
369065,1.43409
369165,1.51957
369265,1.53917
369365,1.25600
369465,1.38255
369568,1.43846
369671,1.32803
369775,1.08720
369875,2.01989
369978,1.26091
370078,1.59465
370178,1.29911
370280,1.75759
370380,1.70794
370480,2.04728
370580,1.99914
370681,1.56926
370781,1.91642
370881,1.49678
370982,1.00654
371082,0.98553
371182,1.35473
371282,1.64304
371382,1.17418
371482,1.22009
371582,0.99965
371685,1.13820
371788,1.00122
371888,1.62524
371993,0.56493
372096,1.53098
372196,1.79461
372296,0.84807
372396,1.34353
372499,1.50092
372599,0.64536
372699,1.20040
372804,1.53966
372905,1.44243
373005,0.93612
373105,1.41660
373205,0.87069
373305,0.89148
373408,1.79832
373509,0.27314
373609,0.91720
373709,0.53885
373809,0.19915
373911,0.89481
374011,0.54084
374114,1.17150
374214,1.50197
374314,1.34628
374414,1.07367
374515,0.22302
374615,0.64347
374715,0.49789
374817,1.62743
374918,1.39844
375018,0.90112
375118,0.33509
375218,0.01285
375319,0.97828
375419,0.65071
375519,1.06790
375622,0.25721
375724,0.34489
375824,1.37953
375929,0.86607
376029,0.86774
376131,1.30326
376231,0.46449
376337,0.95108
376437,1.25052
376537,0.19017
376639,1.07114
376739,1.00533
376843,0.44199
376943,0.98675
377048,0.59446
377149,0.75786
377249,0.68437
377349,1.13629
377449,1.11452
377551,1.02048
377651,1.23587
377752,0.73046
377852,1.77004
377952,1.69115
378052,1.08100
378155,1.38197
378258,1.05149
378359,1.11305
378460,-0.12809
378560,-0.00306
378660,1.21567
378762,0.94108
378862,1.31429
378963,0.55021
379065,0.91586
379165,0.70769
379265,1.40077
379368,1.44432
379470,1.60827
379570,0.43366
379670,1.06994
379775,0.95649
379877,0.90611
379979,0.96182
380079,0.01595
380179,0.18771
380279,0.88327
380379,0.51364
380479,1.46209
380581,1.08105
380681,1.34693
380781,1.12452
380882,0.67729
380983,0.79964
381083,0.66471
381183,1.21759
381283,0.29304
381384,0.86361
381484,0.20829
381584,0.26795
381684,0.69000
381784,1.20034
381884,0.70189
381987,1.34581
382087,0.69577
382188,1.26102
382288,0.76191
382388,0.93683
382490,0.88011
382590,1.17773
382693,0.71955
382794,1.15929
382894,0.92042
382994,0.87422
383098,0.56533
383198,0.00716
383298,0.29673
383401,0.46710
383502,1.04737
383603,0.28236
383704,0.64805
383804,0.73530
383904,0.41391
384004,-0.57376
384104,0.66272
384206,0.60567
384306,1.30138
384406,1.15225
384506,0.84203
384609,0.93682
384711,0.98032
384813,0.97922
384913,1.41422
385015,1.07932
385115,1.30924
385215,1.00805
385317,0.87698
385417,1.47305
385517,1.24725
385617,0.86030
385719,0.88169
385821,0.85525
385922,1.32099
386022,1.01050
386122,1.64912
386222,1.38116
386322,1.11245
386422,0.48199
386522,0.51491
386622,-0.06835
386722,0.86847
386822,1.34682
386922,1.13816
387024,1.27464
387126,0.34106
387226,1.93892
387331,1.47868
387433,1.92367
387533,1.54897
387638,1.28956
387738,0.50562
387838,1.29564
387939,0.79523
388039,1.24632
388139,1.66461
388239,1.68238
388339,1.04247
388439,0.94794
388539,1.46394
388644,0.82721
388744,1.29904
388845,0.64681
388946,1.10312
389046,0.44233
389146,1.24450
389246,0.38946
389346,0.56824
389447,1.49971
389550,0.99096
389650,1.27939
389750,0.29766
389850,0.85000
389951,0.20853
390051,0.47138
390154,1.10164
390254,0.41573
390354,1.06125
390456,0.97603
390556,1.14243
390656,1.48188
390756,0.57594
390856,0.96535
390956,0.48263
391056,0.90207
391156,0.54895
391256,0.78914
391356,1.37837
391460,0.68802
391560,0.74099
391660,1.09160
391760,1.08421
391860,0.43292
391960,1.09834
392062,1.31082
392162,0.91957
392262,1.51856
392362,0.69874
392463,1.81297
392563,0.41329
392666,0.83519
392767,0.97919
392867,0.77593
392967,1.21982
393067,1.10311
393167,1.28402
393271,1.11948
393372,0.60165
393472,1.25131
393572,0.27921
393672,1.17466
393772,1.05685
393875,1.02622
393978,0.70239
394078,0.27708
394183,0.27936
394283,0.78958
394384,0.98831
394486,0.15064
394586,1.38453
394688,0.72083
394788,0.58064
394888,0.98271
394988,0.98653
395090,0.69299
395191,0.98063
395292,0.57661
395392,0.84414
395492,0.35897
395592,1.61470
395694,1.02962
395794,0.83053
395894,0.45886
395994,1.01499
396094,0.29248
396196,1.24540
396296,0.85942
396396,0.52539
396499,0.78794
396599,-0.08043
396699,1.22910
396799,1.38726
396899,1.34212
396999,1.56876
397100,1.88621
397200,1.01291
397303,0.76304
397403,1.77893
397503,1.81988
397605,1.58085
397705,1.33061
397805,0.78264
397905,1.44222
398005,1.59680
398105,1.56773
398209,1.64490
398309,1.25307
398411,1.22753
398511,1.00375
398611,1.12312
398714,0.68972
398814,1.09686
398917,1.14696
399017,1.46760
399117,0.69189
399217,1.26119
399317,0.72336
399418,0.66877
399518,0.91839
399618,1.40840
399718,0.87125
399819,1.21644
399919,0.76874
400022,1.01196
400122,0.43855
400225,0.35587
400327,1.04665
400427,0.42973
400527,1.09408
400627,1.52953
400730,1.08293
400830,0.99625
400930,0.91198
401030,0.68386
401130,0.85968
401233,1.47042
401333,0.60584
401433,0.87760
401533,0.59427
401638,0.80895
401738,0.87722
401839,1.61253
401940,1.37451
402042,1.06100
402142,0.37557
402242,1.32377
402342,0.86344
402444,0.29680
402545,1.37091
402646,1.44966
402746,0.92773
402846,0.43473
402946,1.22318
403046,1.33439
403149,1.23589
403249,0.61144
403349,1.29099
403449,0.71730
403549,0.75114
403649,1.49673
403749,0.65755
403849,1.61204
403949,1.20635
404049,0.75324
404149,0.79781
404250,1.58638
404350,1.01029
404451,0.23726
404551,1.38886
404656,1.27108
404758,0.29423
404860,1.49171
404960,1.39935
405060,1.47460
405163,0.96982
405264,1.02661
405364,1.45547
405466,0.79888
405567,1.46079
405667,0.68056
405767,2.05998
405867,2.06411
405967,2.01683
406067,1.48976
406167,1.81622
406270,1.59880
406370,2.14333
406471,1.33540
406571,0.89075
406672,1.89895
406772,1.60826
406872,1.19597
406972,1.55812
407074,0.34640
407174,0.48021
407274,0.92810
407375,1.73351
407478,0.67723
407578,0.46646
407680,1.00873
407783,1.59860
407883,1.11130
407983,0.40590
408083,1.00852
408184,1.30803
408285,0.73677
408386,1.28612
408486,1.31673
408586,0.91339
408687,1.30009
408787,1.01853
408887,0.75372
408987,1.08667
409087,0.51833
409187,1.00792
409287,0.94997
409387,0.43150
409487,0.95731
409588,0.28007
409688,1.44399
409792,0.47780
409895,0.21097
409997,1.10307
410097,1.46835
410197,0.68948
410299,0.88079
410399,0.49317
410504,1.14315
410604,0.85722
410705,0.29499
410805,1.01101
410905,0.65293
411005,0.71563
411105,0.62415
411206,1.14680
411306,1.17430
411409,0.66373
411509,1.06937
411609,0.93125
411709,0.89040
411809,1.26411
411909,1.07622
412009,2.02346
412112,1.35229
412212,1.61190
412312,0.57989
412413,0.88769
412513,1.29642
412618,0.81034
412718,0.49029
412818,0.35192
412918,0.67761
413018,0.78165
413120,0.48191
413220,1.12066
413322,0.81223
413422,1.32076
413524,1.59314
413624,1.11673
413724,0.51220
413824,0.80897
413924,0.43098
414024,0.79028
414125,0.45631
414225,-0.00281
414328,1.14026
414428,0.99227
414528,1.21293
414629,1.25721
414731,0.61758
414833,0.92154
414933,1.61451
415033,1.67472
415133,1.88156
415235,1.64239
415337,1.70517
415437,1.50440
415540,1.84775
415640,1.73815
415740,1.89341
415841,2.11862
415941,1.71922
416043,1.89488
416143,1.87333
416243,1.53955
416345,1.14337
416448,1.26845
416548,1.26821
416649,1.90571
416749,1.31030
416850,1.96608
416950,2.27998
417051,2.19194
417153,1.90838
417255,1.78206
417356,1.63599
417456,1.45032
417561,1.81406
417663,1.52390
417763,1.63767
417866,0.80580
417966,1.63601
418066,1.38975
418166,1.59361
418266,1.48472
418366,1.79304
418470,1.58793
418570,1.77568
418670,1.30937
418770,2.08407
418872,1.27419
418973,1.76534
419073,2.17809
419173,1.87561
419273,2.26070
419373,1.87574
419473,1.55521
419574,1.95729
419674,1.95328
419774,1.76549
419874,2.09843
419974,1.90891
420074,1.59442
420178,1.67429
420280,1.48925
420382,1.90912
420482,2.00930
420583,1.81158
420683,1.19704
420783,1.78273
420885,1.63902
420985,1.68855
421090,1.70418
421191,1.83553
421291,1.41077
421391,1.81072
421491,1.07968
421591,0.92897
421691,1.19855
421791,1.28956
421893,1.57571
421993,1.04753
422094,1.00055
422194,1.47576
422294,1.22499
422396,1.27492
422497,1.45074
422599,1.26760
422701,1.37268
422801,1.91082
422901,2.33152
423001,1.63853
423101,1.97234
423201,2.07237
423301,1.34480
423401,1.85124
423502,1.90658
423602,1.61357
423702,1.90217
423802,1.56164
423902,0.48531
424002,0.95702
424102,1.01430
424202,1.18961
424303,1.01833
424403,0.97954
424506,1.28848
424608,1.02507
424709,0.94492
424809,0.57023
424914,1.35209
425014,1.56912
425114,0.83855
425219,1.14320
425319,0.34076
425419,1.54276
425524,0.90783
425624,1.72244
425731,1.04723
425831,1.57782
425934,1.88161
426037,2.22809
426137,2.08194
426239,1.93728
426339,1.76760
426441,1.55502
426543,1.66544
426645,1.51423
426746,1.98368
426846,1.14867
426949,1.86442
427049,1.91671
427151,1.93105
427252,1.48287
427353,1.77556
427455,1.06699
427556,0.62596
427656,2.11315
427757,1.62503
427858,1.10413
427960,0.81707
428060,1.53267
428162,0.36786
428262,1.30286
428362,1.36687
428465,1.29811
428565,2.00131
428665,0.80781
428766,1.51624
428866,1.22165
428969,1.40162
429069,1.45442
429172,1.10965
429275,1.57375
429375,1.38425
429478,0.98763
429578,-0.08900
429679,0.45650
429779,0.30188
429879,0.58290
429979,1.16242
430080,0.70012
430182,1.12071
430282,0.95155
430382,0.10449
430485,1.40343
430588,1.83360
430689,1.00697
430789,1.30250
430891,0.94683
430993,0.31247
431093,0.99643
431193,1.07001
431296,0.46515
431396,0.50069
431496,0.44965
431596,0.81671
431697,0.62159
431797,0.52082
431900,1.12448
432002,0.62548
432105,0.46072
432207,0.86024
432309,0.98006
432409,0.97692
432509,0.75350
432609,1.48537
432709,1.55726
432809,1.39532
432909,1.24606
433010,1.50944
433110,1.73423
433213,1.17626
433313,1.30127
433416,1.36553
433519,0.75652
433619,1.19187
433719,1.44388
433822,1.09101
433922,1.27631
434022,1.23752
434122,1.06148
434222,1.23417
434324,1.16467
434424,1.55276
434526,0.97342
434626,1.06590
434731,1.09045
434831,0.87189
434931,0.96295
435031,0.78267
435131,0.93861
435231,0.86942
435336,1.13987
435436,1.92351
435539,1.33104
435639,1.05116
435742,1.10537
435842,0.90789
435942,0.82877
436042,0.95403
436145,1.31184
436245,1.71680
436346,0.92603
436447,1.93126
436547,0.59772
436652,1.61340
436752,1.52897
436854,1.23022
436954,1.26462
437054,0.95422
437154,1.54673
437257,0.99856
437357,2.20446
437457,1.25706
437557,1.83404
437658,1.57960
437759,1.54350
437859,1.51271
437959,1.59062
438059,2.02959
438159,1.48837
438263,1.78060
438363,1.46524
438463,1.71636
438563,1.24183
438664,1.58032
438765,1.32784
438866,1.46912
438969,1.82275
439069,1.06633
439174,1.89722
439275,1.93071
439375,2.20344
439475,2.10708
439575,2.06546
439675,1.52969
439775,1.99423
439875,2.20302
439978,2.21012
440078,2.24144
440179,2.06684
440279,1.85469
440383,1.80876
440483,1.99925
440583,1.58408
440683,2.11029
440784,1.43737
440884,1.90033
440984,2.15049
441084,0.79249
441186,1.74813
441286,1.48956
441386,2.02109
441486,1.24775
441590,0.62232
441690,1.63720
441790,1.38548
441891,1.58358
441994,1.12958
442097,1.90566
442197,0.90498
442300,1.68138
442404,0.55438
442504,0.88002
442607,1.89803
442707,2.38244
442809,2.50050
442909,2.44001
443009,2.55168
443109,2.45752
443209,1.94525
443309,2.27383
443409,2.28077
443511,1.77043
443611,1.70627
443714,1.85510
443816,0.77757
443916,1.26126
444016,1.31020
444116,1.63902
444216,2.11909
444316,1.44638
444416,1.26558
444519,1.71152
444619,1.39143
444719,1.08063
444821,1.23030
444921,1.10439
445021,1.08974
445121,1.99241
445223,1.37160
445323,0.35962
445423,1.16544
445523,1.32403
445623,1.89022
445723,1.89184
445823,1.33203
445923,1.37137
446023,1.48123
446126,1.05020
446228,0.99476
446328,1.23185
446429,1.22869
446529,1.19702
446629,1.48515
446729,1.06780
446829,1.54420
446931,1.15101
447031,0.98115
447136,-0.00214
447236,1.48205
447337,1.14091
447440,1.18659
447540,1.30486
447641,0.98639
447741,1.12688
447842,1.32445
447942,1.18946
448045,1.30890
448145,1.25374
448245,1.42654
448345,1.15577
448447,1.16297
448547,1.42121
448647,1.34468
448747,1.22092
448847,1.48471
448947,1.19263
449048,1.90647
449148,1.25909
449249,1.29076
449349,1.65176
449451,1.29359
449551,1.69616
449654,1.42173
449754,1.35861
449854,1.62297
449954,1.42676
450057,1.22053
450157,1.76602
450257,1.43453
450357,1.53640
450458,1.14329
450558,1.12579
450658,1.57033
450758,0.83767
450860,1.61673
450960,0.71197
451060,0.95419
451160,1.39724
451261,0.69512
451361,1.64893
451461,0.91645
451561,1.67475
451662,0.63320
451764,1.35687
451864,1.30120
451967,1.33203
452067,0.83761
452169,1.24161
452271,1.39846
452371,1.81783
452473,1.91534
452574,1.35189
452674,0.92832
452774,1.00176
452875,2.05999
452975,1.49968
453078,1.10038
453178,1.13214
453283,0.58398
453383,1.65525
453483,1.52757
453586,1.66808
453687,1.04449
453787,1.65346
453889,0.62119
453991,1.39225
454091,1.42266
454191,1.94880
454294,2.08757
454394,1.11244
454494,1.68984
454594,1.75774
454694,1.30497
454794,1.35211
454897,1.12577
454997,1.74576
455099,1.07387
455199,0.38021
455299,1.50126
455399,1.50396
455499,1.47592
455599,1.39231
455703,1.41313
455803,0.45546
455904,0.56451
456007,1.53575
456107,1.09930
456207,1.59252
456307,1.89213
456410,1.56343
456510,0.98199
456610,0.87959
456710,1.08009
456810,0.97505
456910,0.37329
457013,1.52895
457113,0.62987
457213,1.43338
457313,1.54469
457413,1.39598
457514,1.35930
457614,0.89976
457715,1.29480
457815,1.43316
457915,1.64034
458019,1.95159
458119,2.08507
458219,1.02836
458319,1.42930
458419,1.22645
458519,1.40606
458621,1.50158
458721,0.77080
458821,1.94009
458921,1.72644
459021,1.32472
459121,1.34418
459224,1.15224
459324,1.23152
459424,1.39102
459525,1.33275
459626,0.63109
459726,1.50296
459826,1.18734
459926,1.09159
460026,1.78945
460129,1.07126
460231,1.29700
460331,1.93646
460434,1.40680
460534,1.00398
460638,1.13066
460738,1.49097
460838,0.89477
460938,1.60688
461038,0.74734
461140,1.71434
461240,1.39714
461340,0.56071
461441,1.08245
461543,0.98195
461643,1.49841
461745,0.82476
461845,1.29040
461946,0.98028
462046,1.54176
462146,1.52480
462246,1.32578
462346,1.15116
462449,1.34061
462549,1.25013
462649,1.23964
462751,0.90475
462851,1.59175
462953,1.09232
463053,1.52439
463155,1.71423
463257,1.79520
463357,1.52985
463461,1.58620
463563,1.66390
463663,1.01533
463768,1.68066
463868,1.48388
463969,1.37845
464069,1.83204
464169,1.75626
464269,1.18413
464369,1.45213
464469,1.49535
464569,0.64593
464672,0.96310
464773,1.61979
464873,1.40333
464975,1.38854
465075,1.48863
465175,1.45639
465275,1.21811
465375,1.43430
465475,1.62992
465575,1.50566
465678,1.39545
465778,1.36181
465881,1.85284
465985,1.81996
466085,1.49412
466185,1.58069
466288,1.67609
466388,0.92728
466491,1.36179
466591,0.64081
466698,1.05380
466800,1.47412
466900,1.06871
467000,1.34168
467103,1.04145
467204,1.78103
467304,1.85754
467406,1.61077
467506,1.55110
467608,1.48627
467708,1.21506
467808,1.48813
467911,1.81653
468015,1.62163
468115,1.62128
468215,1.95082
468315,2.13463
468418,1.70943
468523,0.97273
468624,2.08826
468726,1.75821
468826,1.94364
468930,1.91674
469032,1.45103
469132,1.72521
469237,1.05980
469338,1.32918
469438,1.59648
469538,1.76536
469638,1.21430
469739,0.70059
469839,1.49199
469943,1.28222
470043,1.55774
470143,1.48700
470243,1.58540
470343,0.53662
470443,1.17711
470543,1.31841
470645,1.83464
470745,1.29033
470845,1.63692
470945,1.80024
471046,1.59445
471147,1.45640
471248,0.57496
471348,1.55957
471451,1.17519
471554,1.54578
471656,0.69121
471756,1.83973
471856,1.20486
471956,1.65936
472056,1.31627
472156,1.79300
472257,1.59956
472357,1.99900
472457,1.65599
472557,1.93715
472659,1.37777
472759,1.29696
472861,1.77049
472961,1.78254
473064,1.37890
473166,0.98887
473266,1.72826
473369,1.71673
473473,1.92705
473574,1.09429
473674,1.77664
473778,1.45005
473879,1.65944
473979,1.49814
474079,1.72669
474179,1.74593
474279,1.61975
474379,1.76174
474479,1.20571
474579,1.61534
474679,1.86738
474779,1.72539
474879,1.61153
474979,1.40447
475079,1.80406
475179,1.17448
475279,1.43426
475383,1.96008
475483,0.69832
475588,1.77053
475689,1.31575
475790,1.52834
475890,1.38386
475991,1.38429
476091,1.56986
476193,1.27964
476293,1.59997
476396,1.68398
476498,1.53287
476600,1.40100
476700,1.75212
476800,1.95543
476902,1.95198
477002,2.22886
477102,1.92306
477202,1.84102
477304,1.73386
477404,1.73404
477504,2.12662
477604,1.51575
477707,1.61173
477807,1.22587
477908,1.63507
478010,1.86069
478110,1.20889
478210,1.62992
478310,1.35440
478410,1.47451
478510,1.42682
478610,1.56543
478713,2.15585
478813,1.56651
478915,1.82576
479016,1.78528
479116,1.26646
479217,1.67739
479317,1.68788
479417,0.87099
479518,1.64157
479618,1.75791
479719,1.57437
479819,0.59224
479921,1.39173
480021,1.20214
480121,1.46473
480223,1.26474
480323,1.32498
480423,1.60719
480526,1.29622
480627,0.90734
480727,1.04469
480827,0.82401
480929,0.82555
481029,1.87979
481134,0.91160
481234,0.90651
481334,1.24453
481434,1.36738
481536,1.05872
481636,1.75981
481736,1.63088
481836,1.61497
481936,1.54953
482036,1.84060
482138,1.22501
482240,1.46093
482340,1.19098
482446,1.48480
482548,1.35474
482650,1.38706
482750,1.54225
482853,1.68608
482956,1.81145
483056,1.24540
483156,1.74802
483263,1.63212
483363,1.16768
483463,1.74456
483569,1.67964
483669,0.33608
483772,1.08644
483872,1.60880
483975,1.70098
484075,1.48306
484175,1.27717
484278,1.55030
484378,1.72287
484482,1.86930
484582,1.18123
484682,1.07726
484782,0.96592
484882,1.58299
484982,1.89679
485083,1.27076
485183,1.65966
485284,1.58969
485384,1.97019
485487,1.53814
485592,1.54420
485693,1.60547
485793,1.33984
485898,1.54335
485998,0.92635
486101,1.77773
486204,1.05707
486304,1.58281
486404,1.83819
486504,2.13623
486605,1.61834
486705,1.66134
486806,2.03991
486906,2.15712
487006,1.68410
487107,1.67790
487207,1.62031
487311,1.40083
487411,1.50210
487511,1.46912
487612,1.41773
487714,1.72896
487814,1.58616
487914,1.60488
488014,1.06197
488116,1.71331
488216,1.34933
488316,1.73736
488416,1.90628
488519,1.11883
488619,1.66545
488719,1.70533
488820,1.31202
488920,1.32884
489021,1.36519
489123,1.67717
489226,0.88470
489326,1.28946
489426,1.09583
489528,1.43937
489628,1.49289
489728,1.08977
489830,1.81011
489930,1.49178
490033,1.15367
490136,1.46445
490238,0.99503
490339,1.49869
490439,1.43208
490539,1.74939
490639,1.90152
490739,1.84281
490839,1.71855
490939,0.72754
491039,1.58601
491139,1.70574
491241,2.07424
491341,2.06077
491441,1.77328
491541,1.30712
491645,1.86633
491745,1.94991
491845,1.58724
491947,1.64473
492048,1.59786
492148,1.31086
492249,1.88181
492350,1.59917
492450,1.38933
492550,1.41035
492650,1.80998
492750,1.29589
492854,1.46832
492954,1.84075
493054,1.26308
493154,1.49365
493255,1.64033
493355,1.41084
493455,1.40760
493555,1.63135
493655,0.89870
493755,1.60523
493860,1.74227
493960,1.84444
494063,1.85330
494166,1.74086
494269,1.21832
494369,1.72650
494471,1.64930
494571,1.57589
494671,1.36727
494771,1.48924
494871,1.61474
494976,1.82241
495076,1.50426
495178,1.34128
495278,1.51437
495381,1.73410
495481,1.71393
495581,1.44919
495681,1.20153
495781,1.89561
495881,1.88463
495981,1.89401
496081,1.31018
496184,1.68124
496284,1.55664
496384,1.82410
496486,1.79110
496587,1.54745
496689,1.81123
496789,1.53986
496889,2.04854
496989,1.88217
497089,1.96174
497190,2.02152
497290,2.12322
497390,1.81190
497491,1.83850
497592,1.78827
497692,1.86683
497792,1.75603
497892,1.97777
497997,1.75512
498097,1.96389
498197,1.92878
498297,1.78640
498397,1.97846
498500,1.81527
498602,1.81941
498704,1.75534
498804,1.83422
498904,1.90338
499004,1.75125
499104,1.87817
499206,1.84408
499306,1.93242
499406,1.90397
499506,1.97824
499606,2.04608
499707,1.93395
499807,2.07726
499909,1.95968
500012,1.99141
500112,2.01138
500212,1.82812
500314,1.88525
500414,1.94034
500514,2.08781
500617,2.15999
500720,1.89184
500820,1.95148
500920,2.01478
501020,2.16266
501121,2.02661
501221,2.19170
501323,1.93702
501423,1.96366
501525,1.87486
501626,1.88371
501726,1.95018
501826,1.91485
501926,2.07042
502026,2.01860
502131,2.17383
502231,2.17404
502335,2.01900
502437,2.04651
502538,2.10419
502640,2.21337
502742,2.13199
502843,2.05511
502943,1.95939
503046,1.92137
503146,1.97266
503246,1.88435
503346,1.84845
503446,2.01715
503546,1.97651
503646,1.75062
503753,1.66801
503853,1.79805
503953,1.75905
504053,1.85388
504153,1.80082
504253,1.88325
504353,1.77172
504456,1.77788
504556,1.79158
504656,1.72415
504756,1.88023
504856,1.57941
504958,1.75678
505060,1.86896
505161,1.92459
505261,2.07451
505361,1.80090
505463,1.94529
505563,1.76533
505663,1.87655
505763,1.91889
505866,1.86298
505966,1.98230
506066,2.01129
506168,1.86388
506268,1.85063
506368,1.86324
506470,1.85189
506571,1.81054
506671,1.81453
506773,1.81656
506873,1.84161
506973,1.77622
507073,1.71721
507174,1.79434
507274,1.76981
507374,1.84200
507478,1.68947
507578,1.82858
507678,1.77476
507778,1.91450
507878,2.00379
507979,1.95144
508080,1.86951
508180,1.84351
508283,1.86918
508383,1.70621
508485,1.92843
508585,1.94840
508685,1.87866
508785,1.97787
508889,1.83891
508989,1.73889
509089,1.82436
509190,1.86951
509292,1.96900
509393,1.91629
509493,1.85282
509597,1.82412
509699,1.74909
509800,1.69605
509900,1.71078
510000,1.76573
510100,1.74582
510200,1.81355
510300,1.88105
510400,1.76305
510500,1.70665
510603,1.84743
510703,1.83316
510805,1.91443
510905,1.85862
511005,1.89408
511105,1.88009
511205,1.83360
511307,1.84547
511407,1.88192
511507,1.77002
511607,1.93099
511707,1.73201
511807,1.98749
511907,1.75558
512007,1.97838
512107,1.91157
512207,1.98169
512307,1.98006
512409,1.90901
512509,1.82843
512611,1.85647
512711,1.75726
512813,2.07866
512916,1.90378
513016,1.85093
513116,2.01976
513216,2.23502
513319,2.03597
513419,2.21988
513522,2.16402
513625,2.26735
513725,2.30034
513827,1.86961
513927,2.22480
514028,2.31604
514128,2.11569
514228,2.08455
514328,1.78732
514428,1.86982
514531,2.06769
514631,1.73000
514733,1.86558
514833,1.83811
514937,1.97671
515037,1.85822
515137,1.97684
515237,2.14797
515337,1.98170
515440,1.98395
515543,1.89785
515643,2.08978
515746,1.98581
515848,2.06178
515948,1.96973
516048,2.12199
516148,2.08136
516248,2.33949
516349,2.10883
516449,2.15766
516554,2.02371
516655,2.07844
516755,2.05583
516858,2.23274
516958,2.16840
517058,2.14770
517158,1.80786
517258,2.01184
517358,1.89797
517458,2.03234
517560,2.16452
517661,1.93005
517763,2.26231
517863,2.26131
517963,2.17313
518063,2.10884
518163,2.07068
518263,1.98030
518363,1.95324
518463,2.08502
518563,2.07817
518663,2.00403
518763,2.01283
518863,2.15152
518967,2.07157
519068,2.22875
519170,1.88186
519271,1.84363
519371,2.04463
519471,2.11471
519571,1.98068
519673,1.88464
519773,1.85899
519878,1.68217
519978,1.81537
520078,1.94883
520185,1.93412
520287,2.15699
520389,1.95584
520489,1.80009
520589,1.81956
520689,1.75561
520790,1.83881
520890,1.91619
520991,2.00488
521091,2.07718
521191,1.98789
521291,1.90934
521391,1.74153
521491,1.88955
521592,1.67713
521694,1.93832
521796,1.97191
521896,1.92188
521996,1.79557
522096,1.85193
522196,1.78060
522296,1.83997
522397,1.77363
522498,1.85275
522598,1.81509
522698,1.84759
522798,1.89860
522898,1.90214
522998,1.64033
523098,1.72977
523198,1.84059
523298,1.87989
523398,1.86629
523501,1.90275
523605,1.94043
523707,1.63501
523807,1.96712
523912,2.02394
524013,1.79258
524115,1.88421
524215,1.94090
524317,1.85640
524419,1.59053
524519,1.81182
524619,1.91786
524719,1.86327
524819,1.96976
524919,1.75461
525019,2.08421
525119,1.97057
525219,1.88926
525319,2.05574
525420,1.73053
525522,1.84253
525622,1.91785
525724,1.96174
525824,2.00801
525924,2.07993
526026,2.07255
526126,2.01577
526226,1.93861
526326,2.07512
526429,1.88618
526529,1.97280
526629,1.82265
526730,2.06551
526830,1.88083
526935,1.97142
527036,1.93670
527136,1.99937
527236,2.09059
527336,1.86855
527436,2.07480
527538,2.31570
527638,1.94208
527738,2.10337
527838,2.15909
527942,1.88246
528042,1.94088
528147,2.06673
528247,2.22966
528352,2.17480
528453,2.17043
528555,2.11254
528657,2.12612
528759,1.98283
528859,2.11969
528963,2.13116
529064,2.04755
529164,2.09796
529264,2.00634
529365,2.00907
529465,2.05708
529567,1.94508
529669,1.96930
529770,2.01590
529870,1.71330
529975,2.12216
530075,2.08184
530175,2.31029
530275,2.22448
530375,2.34973
530479,2.12214
530580,2.00038
530680,2.01883
530780,1.94086
530880,1.92334
530982,2.07673
531082,2.01635
531182,1.96093
531285,2.06496
531387,1.93555
531487,1.82546
531587,2.07904
531689,1.64729
531789,1.95561
531889,1.95459
531990,2.05562
532090,1.97532
532192,2.03596
532292,2.18438
532392,1.89460
532494,1.90939
532594,1.99386
532694,1.92618
532794,1.89258
532894,1.94298
532995,1.92687
533095,2.00221
533195,1.93519
533295,1.93714
533395,1.90305
533495,1.79042
533598,1.85564
533703,1.88659
533805,1.81909
533907,1.78998
534007,1.81591
534108,1.83052
534209,1.69006
534309,1.79730
534409,1.78466
534509,1.84211
534609,1.78105
534710,1.85673
534810,1.90263
534910,1.74385
535012,2.08181
535114,1.77241
535214,1.94935
535314,1.89412
535414,1.90332
535514,1.88511
535616,1.89743
535717,1.91270
535817,1.79950
535917,1.81491
536021,1.77710
536121,1.74316
536221,1.75760
536321,1.70954
536421,1.76747
536521,1.71107
536621,1.81888
536725,1.90560
536825,1.88086
536928,1.97306
537028,1.92347
537128,1.94009
537228,1.78595
537328,1.78754
537428,1.73586
537530,1.83550
537630,1.85989
537733,1.91459
537833,1.90431
537937,1.94524
538038,1.74667
538138,1.80594
538241,1.82225
538344,1.90830
538444,1.93332
538547,1.93560
538648,1.90074
538749,1.94883
538849,1.80964
538952,1.86739
539052,1.96195
539152,1.82450
539254,1.87177
539354,1.92660
539456,1.88861
539556,1.93373
539659,1.84165
539763,1.89941
539863,1.97492
539964,1.75330
540064,1.70472
540164,1.85797
540264,1.72022
540364,1.89936
540464,1.74339
540565,1.92042
540665,1.80066
540765,2.09282
540865,1.79679
540967,1.63114
541068,2.18281
541168,2.18688
541273,2.11343
541373,2.21695
541473,1.75387
541573,2.17441
541673,2.20701
541773,2.02294
541876,2.25663
541976,2.07547
542078,2.02750
542180,2.07644
542283,1.95390
542383,2.15919
542483,2.08884
542583,2.15888
542683,1.93046
542783,2.02802
542886,2.19287
542986,1.98284
543089,2.13281
543190,1.95723
543290,1.87642
543390,1.99519
543490,2.09616
543590,2.06416
543690,1.91053
543791,1.98523
543891,1.94710
543991,2.02214
544091,1.95511
544196,1.62110
544296,1.92955
544396,1.91686
544496,2.16989
544596,2.04959
544696,2.02846
544796,1.86608
544899,1.97609
544999,2.13490
545099,1.96769
545199,1.93542
545299,1.80768
545399,1.83472
545499,1.84435
545599,1.77062
545699,1.78858
545799,1.88566
545899,1.91669
546003,1.87184
546103,1.66365
546203,1.79391
546303,1.91367
546404,1.83893
546506,1.99909
546606,2.04939
546706,2.02921
546806,1.88773
546907,1.78998
547007,1.90712
547107,1.79296
547207,1.84012
547308,1.90142
547409,1.73211
547509,2.00917
547612,1.87374
547712,1.87574
547812,1.92552
547912,1.80747
548014,1.81775
548114,1.74318
548214,1.80151
548314,1.73811
548416,1.84735
548516,1.90886
548619,1.80175
548724,1.73682
548826,1.83071
548927,1.74979
549029,1.76626
549131,1.85703
549231,1.96479
549331,1.79272
549431,1.88070
549533,1.87580
549633,1.76541
549735,1.71709
549836,1.77594
549936,1.59601
550036,1.87542
550136,1.83537
550236,1.96774
550336,1.95334
550436,1.95044
550539,1.83818
550639,1.90833
550739,1.85464
550844,1.85193
550946,1.79928
551046,1.87522
551146,1.90712
551250,1.84465
551350,1.75228
551454,1.75973
551554,1.78669
551655,1.68432
551755,1.76013
551860,1.77664
551961,1.90285
552063,1.78259
552163,1.84072
552263,1.80986
552363,1.86498
552464,1.93429
552564,1.97963
552664,2.06291
552767,2.02643
552871,2.01165
552973,1.95717
553073,2.01701
553173,2.01787
553275,2.12135
553377,2.02964
553479,2.11553
553579,2.22175
553679,2.12296
553779,2.17707
553883,2.14978
553983,2.15414
554085,1.99990
554186,2.14747
554288,1.76552
554388,2.03456
554488,1.98620
554588,2.28874
554688,2.20874
554789,2.13760
554889,2.01732
554989,1.93772
555089,2.17609
555189,1.99151
555289,2.14813
555389,2.11514
555489,1.84407
555592,2.09988
555694,2.22750
555794,2.26162
555894,2.05220
555994,2.09729
556094,2.06636
556196,2.12057
556296,2.09000
556396,2.00910
556498,1.81440
556598,2.09077
556699,2.03032
556799,2.07297
556899,2.14041
557002,2.12158
557104,1.85398
557204,2.02541
557304,2.23712
557404,2.09344
557504,2.02478
557604,2.05007
557704,2.05541
557807,1.85684
557908,2.05556
558008,2.01341
558110,2.18694
558210,1.97949
558311,1.97238
558413,2.08038
558513,1.92794
558613,1.70101
558714,2.00904
558814,2.04098
558917,1.94500
559017,1.97442
559117,1.93912
559217,2.01552
559317,2.03091
559417,1.96319
559519,1.93087
559619,1.93560
559719,1.73378
559819,2.00801
559923,1.97476
560025,1.84925
560125,1.93189
560228,2.04378
560331,1.85000
560431,1.80832
560531,1.95194
560631,1.99683
560732,1.83702
560832,1.96663
560936,1.94225
561036,1.80304
561136,1.83885
561236,1.75217
561336,1.81335
561436,1.73056
561536,1.95948
561637,1.92835
561737,1.89716
561837,1.94977
561937,1.81142
562037,1.92774
562137,1.95216
562239,2.00703
562339,1.95168
562440,1.91760
562540,1.92206
562642,1.93416
562742,1.83642
562844,1.92292
562944,1.71536
563046,1.80775
563146,1.93349
563251,1.84373
563358,1.88483
563458,1.81853
563558,1.88562
563663,1.84337
563763,1.82743
563863,1.93805
563966,1.89763
564066,1.89520
564166,1.87736
564266,1.91188
564366,1.73723
564466,1.89112
564568,1.91212
564668,1.93476
564768,1.99691
564868,1.87355
564968,1.79714
565068,1.85947
565168,1.86374
565269,2.06453
565369,1.85393
565469,2.06132
565572,2.01976
565672,2.22406
565772,2.02901
565875,1.79385
565976,1.99380
566078,1.98718
566180,1.86351
566280,1.85253
566380,1.92992
566483,1.87973
566583,1.85786
566684,1.88146
566785,1.91875
566887,1.83733
566987,1.90905
567090,1.93812
567190,1.91203
567290,2.20217
567390,2.24352
567490,2.07654
567590,1.90824
567690,2.03798
567790,2.05231
567891,2.12131
567991,2.00243
568091,1.94791
568191,2.16560
568291,1.92291
568391,2.22189
568491,2.15505
568591,1.90695
568694,2.13420
568798,2.06732
568900,2.22353
569000,2.03003
569100,2.00410
569200,2.16530
569302,2.03779
569404,2.08657
569504,2.10175
569604,2.23234
569707,2.20834
569807,1.95795
569907,2.07227
570007,2.02822
570110,2.16151
570211,1.93309
570313,2.17601
570413,2.14312
570513,1.92939
570615,2.08725
570715,2.04385
570817,1.87340
570917,1.91570
571017,2.11037
571117,1.87659
571217,1.90605
571317,1.92256
571417,1.95230
571517,2.02288
571617,1.90164
571719,2.00040
571819,1.99344
571919,2.06915
572019,1.95319
572120,2.00866
572220,2.08019
572320,1.99330
572422,2.03486
572522,1.99377
572622,2.01107
572722,2.07846
572822,2.02112
572923,2.13967
573023,1.99962
573123,2.01127
573223,1.90832
573323,1.81897
573423,1.97773
573523,1.82438
573623,1.93835
573723,1.94414
573826,1.93563
573926,1.92709
574029,1.88933
574131,1.79611
574232,1.82431
574334,1.86621
574438,1.89798
574538,1.91271
574638,1.79247
574738,1.89871
574838,1.89532
574939,1.88833
575039,1.97323
575139,1.73567
575239,1.68237
575342,1.89991
575444,1.76946
575544,1.84878
575644,1.87827
575744,1.77056
575844,1.77877
575944,1.80176
576045,1.84800
576145,1.86842
576245,1.96865
576345,1.82976
576445,1.91986
576545,1.78886
576645,1.79975
576745,1.77474
576848,1.80499
576948,1.48886
577048,1.68288
577151,1.72125
577253,1.84377
577353,1.88186
577453,1.90749
577555,1.70450
577657,1.80827
577757,1.69220
577857,1.78561
577957,1.78758
578059,1.75081
578159,1.79444
578261,1.88895
578361,1.81047
578464,1.81472
578564,1.74852
578664,1.78837
578765,1.76599
578865,1.87825
578965,1.79930
579065,1.91535
579165,1.69767
579265,1.66948
579365,1.85076
579465,1.80277
579565,2.19792
579665,2.12774
579765,2.18819
579866,2.11170
579966,2.21453
580069,2.35392
580169,1.93317
580273,2.08352
580373,2.10748
580475,2.20009
580575,2.16664
580677,1.95063
580779,2.23440
580879,2.25754
580979,2.02589
581079,1.77094
581179,1.98294
581279,2.15463
581379,2.16719
581482,2.06642
581582,2.16788
581682,1.76488
581783,2.11613
581883,2.06139
581986,1.85642
582086,2.00675
582186,1.88664
582288,1.81044
582388,2.00157
582488,2.04733
582590,2.22177
582694,2.08360
582796,2.01382
582897,2.01333
582997,1.75374
583097,1.99954
583197,1.94090
583298,2.08233
583398,1.68202
583498,1.75923
583599,1.91937
583699,1.78949
583801,2.00254
583901,1.92312
584001,2.04258
584101,1.94952
584201,1.99973
584304,1.96612
584404,2.06784
584504,1.91833
584604,1.99751
584704,1.75442
584804,1.93773
584905,1.91861
585005,1.95834
585108,1.99282
585208,2.00597
585308,1.90147
585409,2.00126
585509,1.90963
585613,2.05316
585714,2.07935
585814,2.18964
585914,2.13369
586014,2.27341
586115,2.07141
586215,2.04472
586318,2.02376
586422,1.94632
586522,2.09772
586622,2.11472
586723,1.98731
586823,1.78779
586923,1.76332
587023,1.89226
587123,1.80350
587223,1.97501
587323,1.90383
587423,1.83740
587523,2.11942
587625,1.99793
587725,2.05480
587825,2.04722
587925,2.06750
588025,1.95006
588125,1.74877
588225,1.87843
588325,1.74686
588425,1.78058
588525,1.77047
588625,1.82586
588725,1.81001
588832,1.75893
588933,1.76456
589033,1.96561
589133,1.93760
589237,1.94549
589338,1.87320
589438,1.86426
589539,1.77441
589639,1.92108
589741,1.79582
589841,1.98341
589943,2.02135
590043,1.96350
590146,1.86164
590246,1.87744
590350,1.87777
590450,1.90906
590550,1.75947
590650,1.90339
590750,1.68644
590853,1.87253
590953,1.85024
591056,1.98307
591156,1.97005
591256,1.83018
591356,1.90168
591457,1.87337
591557,1.79252
591658,1.81989
591760,1.76441
591862,1.87480
591964,1.78035
592065,1.82080
592165,1.87262
592265,1.74155
592365,1.80386
592465,1.80528
592569,1.86372
592669,1.80306
592769,1.90734
592869,1.89369
592973,1.76948
593073,1.93090
593175,1.89960
593275,1.91858
593375,1.87809
593475,1.84529
593576,1.87446
593677,1.90088
593778,1.88157
593878,1.78298
593980,1.83440
594080,1.80280
594180,1.82482
594280,1.79392
594380,1.76974
594483,1.83734
594584,1.89698
594685,1.82589
594785,1.92462
594885,1.91266
594989,1.89059
595089,1.83315
595189,2.01061
595292,1.99564
595395,1.83942
595495,1.96436
595595,2.06649
595695,2.24156
595797,2.11121
595897,2.04561
596001,2.14033
596101,2.31693
596201,2.09605
596301,2.07852
596404,1.98687
596504,2.10642
596607,2.23145
596707,2.19850
596807,1.78996
596907,1.94302
597007,2.01749
597110,2.07046
597210,2.09599
597310,2.01643
597411,1.98055
597511,1.96433
597611,1.79163
597711,1.96331
597813,2.03278
597913,1.84812
598013,2.04139
598113,1.98881
598215,1.74048
598315,1.89329
598415,2.07390
598515,2.07116
598615,2.08308
598717,1.95305
598817,2.16848
598917,1.77957
599020,2.05277
599120,1.90948
599220,1.92837
599322,1.81738
599422,1.92731
599524,1.97931
599624,1.95367
599727,1.98483
599827,1.91605
599927,1.99757
600027,1.98964
600128,2.01341
600228,2.02477
600328,2.01363
600429,1.93086
600530,1.66797
600630,1.95271
600730,2.04828
600831,2.00455
600931,2.04167
601034,1.72612
601139,1.83087
601242,1.65510
601345,1.91551
601445,1.78626
601545,1.93981
601645,1.93572
601745,1.73418
601845,1.82318
601946,1.71752
602046,1.86746
602149,1.90384
602249,2.16453
602352,2.04773
602452,1.73918
602552,2.11490
602653,1.89208
602754,1.79409
602855,1.90791
602955,2.00113
603058,1.81115
603162,1.91744
603262,1.90000
603362,1.84985
603463,1.71088
603565,1.88303
603665,1.64100
603771,1.82513
603873,1.82749
603973,1.91287
604073,1.71574
604173,1.77335
604277,1.78683
604377,1.85002
604477,1.82734
604577,1.85133
604679,1.79371
604779,1.95227
604879,1.79321
604979,1.93569
605079,1.93835
605184,1.94639
605284,2.01365
605385,1.81843
605485,1.92826
605585,1.93185
605685,1.81792
605785,1.87887
605888,1.92999
605992,1.90004
606094,1.94259
606195,1.96788
606295,1.88910
606395,1.88877
606497,1.83897
606598,1.86331
606700,1.89196
606800,1.88502
606903,1.85957
607003,1.89659
607107,2.22120
607208,2.10563
607308,2.01792
607408,2.16247
607509,2.04185
607609,2.03106
607709,2.00847
607809,2.15635
607910,2.05062
608010,2.16987
608113,1.94770
608213,1.97975
608313,2.05579
608416,1.85861
608516,1.92791
608616,2.10665
608716,2.02901
608816,2.09183
608919,2.29848
609019,2.15802
609119,2.07739
609219,2.33724
609323,2.38752
609423,2.23429
609523,2.11027
609623,2.01128
609723,2.07618
609823,2.07006
609923,1.88390
610023,1.97822
610128,1.91055
610228,1.98690
610328,1.90225
610433,1.93399
610533,1.88754
610633,1.85068
610733,1.86556
610835,1.73478
610935,1.90911
611038,1.90587
611138,1.87994
611241,1.94805
611343,1.82167
611443,1.80253
611543,1.84344
611646,1.90219
611746,1.89320
611849,1.88057
611949,1.99460
612051,1.95842
612151,1.86204
612251,1.93172
612354,1.75328
612458,1.94690
612558,2.03134
612658,1.85807
612758,2.01482
612862,1.90879
612964,2.28464
613064,2.20125
613167,2.11983
613267,1.99811
613367,1.80126
613472,2.09328
613573,2.08286
613673,1.98287
613773,2.14605
613873,1.66495
613973,2.03922
614073,1.88093
614173,2.08129
614275,2.06378
614375,1.92911
614475,1.95593
614575,1.84524
614675,1.81590
614778,1.91847
614882,1.87737
614982,1.92196
615082,1.97098
615182,1.98096
615282,1.82312
615382,1.97645
615482,1.88890
615582,1.94220
615684,1.93888
615785,1.84465
615885,1.91020
615985,1.87581
616085,1.87802
616191,1.93546
616292,2.01559
616396,2.01274
616496,1.77723
616601,1.86501
616701,1.91931
616803,1.79704
616903,2.04262
617004,1.90662
617106,1.90229
617207,1.97944
617309,1.77853
617409,1.84783
617509,1.81957
617609,1.77142
617710,1.88157
617810,1.73189
617913,1.85155
618013,1.87629
618113,1.79763
618214,1.80440
618315,1.72356
618417,1.72946
618517,1.63220
618621,1.74248
618721,1.74580
618824,1.69227
618927,1.75714
619030,1.81613
619130,1.77277
619230,1.81783
619330,1.90224
619430,1.93991
619530,1.89823
619633,1.87652
619737,1.85489
619839,1.85424
619939,1.85235
620041,1.74044
620141,1.87578
620241,1.90761
620341,1.78936
620443,1.82422
620543,1.88466
620643,1.94556
620744,1.89526
620845,2.09152
620945,1.98281
621045,1.98532
621145,2.12329
621245,2.21265
621348,2.07877
621448,2.07990
621551,2.04154
621654,2.09019
621756,2.06626
621856,2.15330
621961,2.03682
622061,2.11428
622166,2.02419
622267,2.02076
622367,2.24978
622470,2.18906
622571,2.17994
622671,2.10224
622771,2.28338
622871,2.37347
622973,2.09048
623073,1.96844
623175,2.18202
623276,2.27469
623376,2.33312
623476,1.97762
623576,1.92628
623676,1.96053
623776,1.93265
623876,1.95568
623976,1.82618
624076,1.93307
624176,1.84306
624281,1.94188
624381,1.86714
624481,1.80932
624581,1.77470
624681,1.81743
624783,1.89797
624883,1.85551
624984,1.86215
625084,1.78014
625184,1.85941
625284,1.96733
625384,2.00638
625484,1.88610
625584,1.89051
625687,1.86229
625787,1.90995
625887,1.85034
625987,1.88048
626087,1.89759
626192,1.80827
626292,1.84299
626392,1.85712
626492,1.88369
626592,1.91571
626693,1.81375
626793,1.99467
626893,2.00175
626993,1.98637
627094,1.92575
627196,1.96113
627296,2.00079
627396,1.95077
627496,2.20472
627596,2.10934
627697,2.27597
627797,2.14729
627901,2.01792
628001,1.83412
628104,2.02308
628204,2.12261
628304,2.01550
628404,2.03121
628504,2.03819
628604,1.84508
628706,1.84791
628806,2.04017
628909,2.09054
629009,2.05317
629109,1.94844
629209,1.97547
629311,1.98767
629413,1.78579
629513,2.13737
629618,2.00093
629718,1.88818
629818,1.98824
629918,1.97508
630018,1.99428
630118,1.78223
630218,1.89344
630318,1.87140
630421,1.85267
630521,1.91655
630621,1.70069
630721,1.85021
630821,1.82319
630925,1.80346
631026,1.85932
631128,1.67581
631228,1.91551
631328,1.80234
631428,1.96115
631528,1.95831
631628,1.98490
631731,1.81327
631831,1.84704
631931,1.89991
632031,1.83052
632133,1.73613
632233,1.78873
632333,1.69591
632436,1.73969
632536,1.73463
632637,1.80598
632737,1.70722
632837,1.83584
632937,1.78910
633037,1.89195
633137,1.91123
633237,1.86321
633337,1.88816
633437,1.90609
633537,1.92198
633637,1.91327
633740,1.95773
633840,1.90807
633942,1.82986
634043,1.88823
634143,1.86009
634246,1.87402
634348,1.80697
634448,1.87095
634548,1.74292
634648,1.78509
634748,1.76705
634848,1.73622
634948,1.86149
635048,1.64450
635152,1.84910
635252,1.80194
635352,1.76375
635452,1.77582
635552,1.97387
635652,2.02330
635752,2.21193
635852,2.14592
635952,2.07677
636056,1.96648
636157,1.90644
636259,2.10888
636361,1.98032
636461,2.18462
636564,1.93690
636666,2.07876
636766,1.95933
636866,2.04251
636967,2.16963
637069,2.25330
637169,1.97700
637272,2.12429
637372,2.21352
637475,1.97919
637575,2.03764
637675,1.89140
637775,1.95129
637875,2.04669
637975,2.28971
638076,2.25282
638176,1.98691
638281,2.09819
638381,2.21220
638481,2.30127
638581,2.37116
638681,2.34170
638781,2.18093
638884,2.17032
638986,2.12600
639088,1.99095
639188,1.97796
639288,1.91233
639392,2.07115
639492,2.16993
639593,2.02453
639695,1.95525
639798,2.00525
639899,1.97793
639999,1.86783
640105,1.93851
640205,1.96079
640309,1.89690
640409,1.87534
640509,1.89918
640609,1.81040
640709,1.79745
640809,1.84656
640909,1.74564
641009,1.85224
641110,1.88167
641210,1.77202
641310,1.85068
641410,1.87068
641512,1.88369
641614,1.83760
641714,1.79268
641817,1.96948
641917,1.71771
642017,1.78707
642117,1.78543
642217,1.89587
642319,1.72622
642419,1.89377
642519,1.82314
642620,1.97914
642721,1.69928
642821,1.95582
642921,2.01315
643026,1.77722
643126,1.95965
643226,1.90738
643326,1.92632
643426,1.96550
643530,1.89900
643631,2.06840
643731,1.91308
643834,2.30628
643938,2.09106
644040,2.10230
644142,2.18880
644242,2.01176
644345,1.95085
644448,1.83622
644549,1.95813
644649,2.09449
644749,1.94422
644852,1.91317
644955,1.68708
645055,1.73219
645156,1.62530
645256,1.75796
645357,1.83241
645457,1.88976
645557,1.91702
645657,1.92606
645757,1.86161
645857,1.95951
645957,1.92297
646061,1.84598
646161,1.85116
646261,1.97589
646361,1.85559
646461,1.88609
646561,1.83714
646661,1.88489
646761,1.90068
646862,1.80985
646964,1.77784
647064,1.64666
647164,1.80373
647264,1.72659
647364,1.73233
647464,1.70139
647564,1.70131
647666,1.58170
647766,1.67639
647866,1.63903
647969,1.73627
648072,1.73659
648172,1.69379
648272,1.76784
648375,1.69386
648477,1.77595
648577,1.75272
648679,1.83932
648780,1.90440
648880,1.97466
648983,2.05180
649087,1.90984
649189,2.04509
649290,1.95747
649390,1.86582
649490,1.97599
649590,1.83910
649690,1.89911
649792,1.88493
649892,1.81704
649995,1.88993
650095,1.90630
650195,1.88495
650295,1.81308
650396,1.57250
650498,1.79081
650598,1.82968
650698,1.70316
650798,1.72833
650898,1.83394
650998,1.78248
651099,2.04236
651199,1.95699
651299,1.95798
651399,2.07073
651500,2.00649
651600,1.88221
651703,2.04895
651804,2.37535
651904,1.97109
652008,2.04853
652108,2.01848
652211,2.11668
652311,2.03902
652411,2.14392
652513,2.08551
652613,1.93722
652713,2.10306
652815,2.35190
652916,1.81526
653016,2.00526
653116,2.05792
653216,2.21974
653316,2.05527
653416,2.20370
653519,2.16598
653619,1.98098
653719,2.11101
653819,2.08017
653919,2.06995
654019,2.24209
654119,1.94934
654219,1.83980
654319,1.94211
654419,1.84305
654519,1.70972
654619,1.79149
654723,1.81727
654823,1.92927
654927,1.91626
655027,1.74058
655127,1.86351
655227,1.84444
655327,1.79198
655431,1.81522
655532,1.70788
655632,1.81207
655732,1.79812
655832,1.84255
655935,1.86612
656035,1.91286
656136,1.85385
656236,1.84555
656336,1.84219
656436,1.86060
656537,1.75567
656637,2.01614
656737,1.90725
656842,1.87611
656942,1.82618
657043,1.88303
657145,1.78465
657245,1.99825
657348,1.85914
657448,1.80884
657548,1.97021
657651,2.04412
657751,2.35453
657851,1.84053
657951,1.92413
658053,2.12561
658153,2.05191
658253,1.93936
658353,1.94547
658453,1.88285
658553,1.91985
658653,2.15026
658753,1.76793
658853,1.91434
658953,1.86298
659053,1.92654
659154,1.99391
659254,1.89886
659358,1.79233
659458,1.84906
659560,1.90699
659660,1.87385
659760,1.91096
659860,1.75714
659960,1.71571
660060,1.78813
660163,1.82033
660263,1.72515
660363,1.83788
660465,1.83547
660565,1.70735
660665,1.69366
660765,1.56532
660870,1.83994
660970,1.79941
661070,1.87807
661175,1.75743
661275,1.82813
661377,1.78651
661477,1.70426
661579,1.66304
661679,1.78645
661782,1.64111
661883,1.70308
661984,1.78903
662084,1.85781
662184,1.83521
662284,1.84272
662388,1.92764
662490,1.97570
662590,1.79950
662691,1.90059
662793,1.85206
662893,1.96312
662993,1.87859
663093,1.87939
663193,1.94389
663296,1.88446
663400,1.90306
663500,2.16136
663600,2.03538
663700,1.90488
663801,2.28132
663901,2.18690
664005,2.26746
664105,2.15572
664205,2.16331
664306,2.21400
664406,2.18785
664508,1.91873
664609,2.10863
664710,2.10796
664810,2.08983
664914,2.13533
665014,2.11764
665117,2.01986
665217,2.00048
665317,1.99230
665417,2.14998
665517,2.06472
665617,2.17550
665717,1.83148
665817,1.92893
665917,1.90226
666017,1.94083
666117,1.94466
666220,1.80668
666325,1.85894
666426,1.92302
666526,1.98526
666626,1.95764
666726,1.87657
666828,1.78115
666928,1.85841
667029,1.86984
667130,1.83297
667230,1.89428
667331,1.82244
667433,1.98231
667533,1.90218
667636,1.91030
667736,1.98250
667836,1.96556
667936,1.82631
668038,1.92802
668140,1.86285
668240,1.90844
668342,2.00620
668442,2.07226
668545,2.16267
668647,1.84068
668747,1.78332
668847,1.83670
668952,1.99303
669056,1.84745
669156,1.99914
669256,1.98940
669356,2.03682
669460,1.85655
669562,2.02236
669662,2.10606
669765,2.19031
669866,2.11948
669966,1.83091
670068,1.99706
670168,2.04818
670270,1.88523
670374,2.14406
670474,2.04243
670576,1.91722
670676,1.79173
670780,1.81340
670880,1.97891
670985,1.99402
671085,2.10571
671185,1.74459
671288,1.96495
671388,1.82875
671488,1.91081
671590,1.85568
671690,1.83073
671795,1.76540
671898,1.63508
671998,1.87133
672099,1.58381
672201,1.85744
672301,1.50731
672401,1.82712
672503,1.79399
672603,1.72291
672703,1.60926
672805,1.71386
672905,1.61472
673009,1.84009
673109,1.87535
673209,1.81909
673309,1.68646
673409,1.74922
673512,1.77746
673617,1.74358
673719,1.84328
673819,1.91209
673924,1.76640
674024,1.91389
674124,1.89443
674224,1.69951
674324,1.76659
674425,1.82673
674525,1.79067
674625,1.76095
674725,1.65666
674825,1.81799
674925,1.95140
675025,1.84848
675125,1.82112
675225,1.66663
675325,1.93812
675425,1.71687
675525,1.98659
675625,1.93973
675725,1.90647
675825,2.05848
675928,1.63592
676028,1.92006
676133,1.73983
676233,1.80383
676333,2.03468
676433,1.75896
676534,1.74162
676634,2.00603
676734,1.94191
676835,1.74667
676935,2.20096
677036,2.13604
677138,2.19933
677240,2.24287
677340,2.14604
677442,1.97147
677542,2.11649
677642,2.04126
677742,1.96928
677842,2.15734
677942,2.33858
678042,1.96408
678142,2.16695
678245,2.10402
678345,1.99181
678445,2.19055
678546,2.23388
678646,2.50314
678749,2.03292
678849,2.07998
678949,2.23887
679049,2.10394
679149,2.07528
679249,1.91943
679352,1.89756
679452,2.05756
679552,1.90271
679653,1.93851
679753,1.94568
679853,1.95610
679955,1.96659
680055,1.94689
680155,1.92806
680258,1.88750
680361,1.85359
680461,1.77963
680561,1.86700
680663,2.02074
680763,2.07461
680863,2.01280
680963,1.99252
681063,1.73495
681163,1.91345
681265,1.88055
681365,1.71587
681465,1.88320
681565,1.76106
681666,1.97317
681768,1.83593
681870,1.86980
681970,1.90424
682073,1.90328
682175,1.90875
682275,1.78771
682378,1.86344
682478,1.85007
682578,1.88462
682678,1.86504
682778,1.91288
682878,1.81528
682978,1.72532
683085,1.72703
683185,1.78347
683289,1.91752
683390,1.90095
683492,1.88661
683594,1.94125
683694,1.84221
683794,1.81252
683894,1.88278
683994,1.89217
684094,1.89306
684194,1.96192
684294,1.96533
684397,2.02720
684500,1.97075
684603,1.83273
684704,2.04083
684804,1.98141
684904,1.87860
685005,1.90182
685107,1.87439
685207,1.85001
685307,2.06758
685407,1.79386
685507,2.09255
685608,2.06966
685708,2.11564
685810,2.07048
685910,2.06414
686010,2.01094
686110,1.85701
686210,1.78270
686311,1.83331
686411,1.92155
686511,1.94711
686611,1.96109
686711,1.87889
686813,1.94920
686913,1.91507
687018,1.83487
687120,1.82274
687220,2.00210
687324,1.91652
687426,1.80798
687526,1.96812
687630,1.89901
687730,1.95043
687833,1.90649
687933,1.92589
688034,1.91256
688135,1.80625
688235,1.78690
688337,1.72623
688437,1.81987
688537,1.83526
688637,1.84386
688737,1.77533
688842,1.82563
688944,1.71749
689044,1.80335
689144,1.79462
689244,1.71254
689344,1.69424
689444,1.76235
689547,1.72895
689648,1.74241
689752,1.80517
689852,1.75450
689952,1.73558
690055,1.86326
690158,1.87619
690258,1.89904
690359,1.82759
690460,1.86474
690562,1.86906
690662,1.81477
690762,1.79478
690862,1.85724
690964,1.72889
691064,1.84981
691164,1.82217
691264,1.84010
691364,1.86026
691464,1.84228
691567,2.03670
691667,2.13518
691767,1.98574
691867,2.05982
691969,2.07837
692069,1.91058
692172,2.19106
692274,2.33050
692374,2.04914
692477,2.03678
692577,2.21971
692680,2.06066
692780,1.94036
692880,2.26995
692980,1.95923
693080,2.00185
693180,2.23901
693280,2.08658
693382,2.20256
693483,1.95289
693583,2.10992
693683,2.16304
693783,2.15001
693884,2.06929
693984,2.13209
694084,1.95471
694185,1.86706
694287,1.86395
694389,1.87399
694489,1.98110
694589,2.04341
694692,2.12308
694792,2.21455
694894,2.15486
694996,2.07946
695096,2.05792
695197,2.01781
695297,1.96234
695397,1.98910
695498,2.00049
695598,2.06898
695702,1.94826
695802,1.90632
695902,1.98620
696007,1.88622
696108,1.78343
696208,1.90636
696311,1.90695
696411,1.88341
696512,1.78432
696612,1.94259
696714,2.07542
696814,2.03009
696914,2.04760
697016,2.04896
697116,1.97260
697218,2.08456
697318,2.07305
697418,1.91105
697518,2.02153
697618,1.93815
697718,1.93344
697818,1.99660
697921,1.75191
698024,1.81291
698124,1.93356
698227,1.88250
698330,1.90293
698430,2.03585
698530,2.03808
698633,1.94870
698733,1.77019
698836,1.98737
698936,1.92435
699036,2.03478
699136,1.96504
699236,1.99337
699336,1.97960
699437,1.95753
699538,2.05821
699638,1.90091
699741,1.90507
699841,1.91818
699941,1.92463
700042,1.95144
700142,1.90614
700244,1.94408
700344,1.95643
700444,1.84151
700547,1.80410
700649,1.91732
700749,2.02642
700849,1.94535
700949,1.99995
701051,1.96877
701151,2.04067
701253,2.13951
701355,2.05405
701455,2.01947
701556,1.94736
701656,2.00801
701756,1.99009
701856,1.94528
701956,1.97093
702056,1.78444
702156,2.03592
702256,2.14908
702356,2.03679
702460,2.03676
702560,2.23191
702661,2.12407
702761,2.14908
702861,2.01373
702961,2.13664
703063,2.02013
703163,1.76991
703265,1.87874
703365,1.85661
703467,1.87236
703567,1.83337
703667,1.68954
703767,1.87776
703867,1.60380
703969,1.91059
704070,1.76132
704170,1.92491
704270,1.79707
704370,1.87758
704473,1.80312
704574,1.82072
704674,1.90172
704774,1.85479
704877,1.74949
704978,1.94089
705078,1.71407
705179,1.84176
705279,1.85072
705382,1.85253
705483,1.86773
705585,1.85432
705686,2.01349
705786,2.04857
705886,1.98631
705992,1.96706
706093,1.89755
706193,1.90286
706293,1.81718
706393,1.70442
706493,1.80186
706594,1.75955
706694,1.78655
706794,1.81062
706894,1.74618
706994,1.74295
707094,1.78946
707194,1.86332
707294,1.93443
707394,1.91883
707494,1.90049
707594,1.98769
707694,1.90737
707796,2.04519
707898,1.98000
707998,1.93297
708098,1.93520
708201,1.87997
708301,1.80826
708403,1.86869
708503,1.74306
708603,1.90468
708705,1.93021
708805,1.85781
708907,1.82656
709007,1.85937
709110,1.85215
709215,1.85376
709315,1.91308
709418,1.90228
709518,1.77703
709621,1.83225
709724,1.89700
709824,1.85691
709924,1.94232
710024,1.87442
710124,1.81823
710224,1.83981
710327,1.85199
710427,1.91591
710527,1.80567
710627,1.90554
710727,2.03202
710827,2.10779
710927,1.96484
711027,2.16845
711127,1.79839
711227,1.90883
711327,1.69175
711427,1.85838
711527,2.10975
711627,2.14780
711727,1.90765
711827,2.08921
711927,2.18923
712027,1.88169
712129,2.14695
712229,2.03405
712330,2.00835
712430,2.00955
712532,2.06638
712632,1.89419
712732,1.95991
712832,1.99653
712932,2.10405
713032,1.90801
713132,1.98937
713235,1.97136
713338,2.02751
713438,2.04804
713538,1.99830
713638,1.84654
713738,2.00661
713838,1.94097
713938,2.05120
714038,1.81736
714138,1.92888
714238,2.03405
714340,1.99613
714440,1.92742
714544,1.89329
714646,1.89872
714746,1.87526
714849,2.00999
714949,2.08341
715052,1.99883
715154,1.95084
715254,2.02188
715354,2.20089
715454,1.97540
715554,1.94694
715654,1.99008
715754,2.05600
715854,2.10876
715954,1.90145
716054,1.86850
716155,1.96150
716255,2.09720
716355,2.11001
716455,1.98044
716557,1.88217
716661,1.92786
716761,2.02734
716861,1.93498
716961,1.96602
717061,2.04120
717161,2.01714
717262,1.92784
717362,2.01027
717462,2.05308
717562,2.12238
717662,1.92147
717762,1.94615
717862,1.97129
717962,2.01868
718065,2.09435
718169,2.03778
718269,1.93484
718369,1.91914
718472,2.01805
718575,1.85352
718675,1.85433
718775,1.91695
718875,1.79934
718977,2.08069
719078,2.06342
719178,1.96142
719278,1.95428
719378,1.98547
719478,1.96179
719578,1.90670
719681,1.92082
719781,1.89299
719882,1.89369
719983,1.84912
720083,1.85209
720185,1.79650
720285,2.06705
720385,1.94895
720485,1.92016
720588,1.97808
720688,1.81715
720788,1.88949
720888,1.74668
720988,1.77163
721093,1.63890
721193,1.77304
721296,1.91979
721396,2.02112
721496,2.12317
721597,2.00146
721697,2.07665
721801,1.85889
721902,1.89727
722002,1.86600
722102,1.92585
722202,1.94646
722302,1.94256
722405,1.80475
722505,1.90245
722608,1.93317
722711,1.80553
722813,1.94003
722913,2.00759
723013,1.91762
723115,1.95904
723215,1.84656
723315,1.98490
723415,1.78772
723517,1.85918
723617,1.74773
723718,1.87597
723818,1.80221
723918,1.89513
724020,1.82855
724120,1.75794
724220,1.89385
724320,1.92283
724422,1.94333
724522,2.05994
724624,2.01555
724724,1.92154
724827,1.74660
724931,1.79624
725031,1.83431
725133,1.87007
725235,1.83823
725335,1.74842
725435,1.96533
725538,1.92136
725639,1.93532
725739,1.83872
725839,1.85449
725939,1.75399
726039,1.74405
726139,1.91324
726239,1.83218
726339,1.88703
726439,1.92603
726541,2.12148
726641,2.14942
726747,1.95325
726847,1.77000
726947,1.85940
727048,1.61318
727148,1.82321
727251,1.67489
727351,1.82014
727451,1.77081
727551,1.91638
727651,1.86640
727751,1.94718
727853,1.98831
727953,1.96227
728053,1.99145
728158,1.86494
728258,1.81863
728358,1.74977
728460,1.80106
728560,1.78331
728661,1.85907
728761,1.77362
728861,1.82568
728961,1.82590
729061,1.90382
729162,1.83806
729262,1.90788
729362,1.78269
729462,1.84825
729564,1.92486
729664,1.79451
729764,1.92120
729865,1.83827
729965,1.78213
730069,1.83095
730169,1.77740
730272,1.92390
730376,1.84520
730478,1.95096
730579,1.94686
730679,1.90273
730779,1.88867
730882,1.98695
730982,2.05087
731083,1.96060
731185,1.91916
731285,2.06519
731387,2.13444
731489,2.09306
731589,2.02496
731689,2.11061
731789,1.85343
731889,1.93132
731991,1.73182
732091,1.80792
732191,1.74681
732292,2.03312
732394,2.12070
732494,2.22903
732594,2.23844
732694,1.82294
732794,2.04267
732894,1.86816
732994,2.04750
733095,2.11376
733196,2.16251
733296,2.20181
733396,2.16880
733498,2.04968
733715,1.94022
733815,1.89697
733920,2.03436
734020,1.96559
734121,2.06629
734223,1.96977
734325,2.03640
734528,1.97391
734731,2.12577
734831,2.07610
734931,1.98898
735033,2.12336
735133,2.10232
735235,2.15942
735335,2.28123
735435,1.87130
735535,1.92294
735636,1.71337
735738,1.92380
735838,1.78545
735939,2.02413
736039,2.01953
736139,2.01788
736241,1.99809
736341,1.83465
736441,2.07250
736541,1.81789
736646,1.96409
736746,1.87510
736849,1.93447
736949,1.95048
737049,1.83946
737149,1.95403
737252,1.88295
737352,1.91794
737452,1.94855
737555,1.89439
737655,2.07041
737757,1.92350
737857,2.02985
737960,1.85567
738061,1.96384
738163,2.02704
738265,2.00792
738368,2.10729
738469,2.03194
738571,2.01220
738671,1.98599
738774,2.09284
738874,2.06365
738977,2.08100
739077,1.77656
739177,1.86814
739279,1.82489
739379,1.82775
739482,1.81209
739584,1.84045
739684,1.86009
739784,1.97915
739884,1.92910
739984,1.78587
740085,1.96477
740187,1.86227
740287,1.87522
740387,1.88927
740488,1.92832
740588,1.95834
740689,2.02221
740791,2.02426
740891,2.01586
740993,1.93448
741093,1.78562
741193,1.89126
741293,1.89225
741393,2.05411
741495,1.97567
741597,2.01782
741697,1.96600
741799,2.07439
741899,2.00456
741999,1.88251
742101,1.93599
742202,1.84055
742302,1.85343
742402,2.06226
742502,1.97252
742602,1.91625
742703,1.93920
742803,1.93811
742906,1.91385
743006,1.77670
743106,1.82867
743206,2.00207
743306,1.93855
743406,1.91388
743507,1.90284
743607,1.91865
743710,2.05364
743810,2.01937
743913,2.01544
744013,1.98025
744113,1.95830
744214,1.95444
744314,1.97305
744418,2.01835
744520,2.00725
744620,1.98952
744724,2.03381
744826,1.93382
744926,1.90474
745026,2.02049
745128,1.96497
745229,1.89782
745329,2.01382
745433,1.96213
745533,2.04771
745633,1.92506
745733,2.04991
745834,1.92574
745934,1.98196
746034,2.02628
746137,1.88521
746237,1.86451
746337,1.95632
746437,1.97682
746537,2.11916
746637,1.91046
746740,1.83708
746840,1.96957
746940,1.93400
747040,2.02233
747140,1.90911
747240,2.00037
747340,1.96627
747444,2.14978
747544,2.00036
747648,2.02483
747849,1.97732
748768,1.89266
749070,1.85746
749335,1.94810
749435,1.80904
749538,1.94737
749638,1.86415
749738,1.98544
749838,2.21184
750141,1.98289
750284,1.98578
750384,2.09086
750486,2.16371
750588,2.05424
750688,1.95357
750788,1.98531
750888,1.81060
750993,1.71401
751093,1.96455
751193,1.97929
751293,1.94901
751393,2.09051
751496,1.77733
751596,1.94029
751697,1.95775
751797,1.86858
751901,1.74328
752001,1.77057
752103,1.84009
752205,1.91039
752306,1.80153
752406,1.94475
752506,1.85902
752611,1.87025
752711,1.82907
752811,1.73257
752913,1.72917
753014,1.74928
753116,1.67563
753218,1.78272
753319,1.81138
753419,1.81885
753519,1.90687
753619,1.82217
753719,1.84423
753819,1.74937
753920,1.76798
754021,1.78792
754121,1.92397
754221,1.94362
754324,1.80588
754424,1.91653
754524,1.85948
754627,1.83702
754727,1.82336
754827,1.83541
754927,1.76682
755029,1.91158
755129,1.87308
755229,1.87534
755329,1.89404
755429,1.91563
755531,1.92609
755632,1.80549
755732,1.71655
755832,1.78953
755933,1.74021
756033,1.73729
756136,1.82223
756236,1.86547
756336,1.81757
756436,1.91258
756536,2.00138
756636,1.97944
756739,1.96358
756842,1.82389
756944,1.88809
757044,1.87998
757145,1.87868
757247,1.82674
757347,1.86883
757450,1.86937
757552,1.84246
757652,1.74953
757755,1.88319
757855,1.87530
757959,1.88291
758059,1.91829
758159,1.81511
758259,1.80880
758359,1.89268
758460,1.65976
758560,1.89456
758660,1.66926
758760,1.91305
758860,2.11479
758960,2.15694
759060,1.94351
759164,1.86459
759264,2.38373
759364,2.02343
759464,2.13860
759564,1.83688
759666,2.03352
759766,2.21121
759866,2.13927
759966,1.84694
760069,2.05633
760169,2.08081
760271,2.12471
760371,1.64606
760474,1.68962
760574,1.96998
760677,1.97198
760777,1.98698
760877,1.90650
760977,1.98126
761077,1.94400
761179,1.80725
761382,1.96159
761482,2.02050
761582,1.92453
761682,2.05350
761782,1.85882
761882,1.92442
761984,1.90976
762084,1.94251
762185,2.00430
762285,2.02032
762386,1.94862
762487,1.91863
762587,1.93698
762794,1.90632
762995,1.76483
763454,1.78653
763554,1.95774
763654,2.00427
763757,1.99978
763860,2.03109
763960,2.11459
764060,1.91915
764162,1.89380
764262,2.08415
764362,2.14025
764462,2.05639
764563,2.03650
764665,2.08636
764765,1.94883
764868,1.89684
764968,1.81188
765068,1.68987
765168,1.73851
765268,1.81101
765369,1.73844
765470,1.85391
765570,1.99238
765670,2.03118
765770,1.93698
765875,1.88793
765976,1.79947
766076,1.79008
766176,1.90049
766278,1.97450
766379,2.06914
766479,1.91439
766579,1.94470
766679,1.83572
766779,1.98902
766879,2.01124
766980,2.15205
767082,2.09634
767182,2.16805
767282,2.20531
767382,2.02681
767482,1.92278
767582,1.99292
767682,1.99357
767782,1.98210
767882,1.89158
767982,1.80699
768082,1.89441
768186,1.81039
768287,1.82879
768387,1.76281
768492,1.76391
768595,1.69087
768695,1.72791
768797,1.83856
768899,1.76826
768999,1.88240
769099,1.90216
769202,1.93566
769306,1.96068
769407,1.88631
769507,1.74492
769608,1.75514
769708,1.86360
769808,1.80879
769908,1.76249
770011,1.85554
770112,1.67334
770212,1.82121
770312,1.69365
770413,1.76320
770513,1.80732
770615,1.85909
770715,1.91953
770815,1.85432
770915,1.83578
771015,1.86240
771115,1.70847
771216,1.83170
771316,1.79702
771419,1.94766
771522,1.78427
771622,1.90382
771722,1.84419
771822,1.94131
771922,1.85786
772029,1.80168
772129,1.90360
772229,1.82134
772329,1.77631
772429,1.77587
772529,1.96831
772629,1.90871
772729,1.77855
772829,1.90045
772929,1.87205
773031,1.91490
773132,1.80514
773232,1.90284
773334,1.82742
773434,1.88024
773537,1.90119
773641,1.80729
773741,1.91186
773843,1.98150
773943,1.86998
774044,1.96830
774147,2.04796
774247,1.94621
774350,1.97241
774453,1.99500
774553,1.93358
774653,2.10976
774753,2.03050
774853,1.91523
774958,1.92381
775059,1.76883
775159,1.79688
775261,2.03891
775362,2.17319
775462,2.28536
775562,2.01911
775663,1.80834
775763,2.03130
775863,2.04990
775965,2.14621
776065,2.14666
776167,2.17183
776267,2.14104
776367,1.95746
776467,2.02413
776567,2.12257
776669,2.05865
776769,2.15854
776869,1.59127
776969,1.98495
777069,1.74830
777172,1.94477
777272,1.71771
777372,1.86178
777472,1.90546
777575,1.87212
777675,1.93119
777779,1.71300
777881,1.65924
777981,1.93518
778081,1.99320
778181,1.84269
778286,1.86010
778386,1.74674
778486,2.00600
778586,2.03460
778687,1.91308
778787,1.83899
778887,2.04825
778987,1.94155
779290,2.00457
780179,1.80014
780279,2.14685
780379,1.95040
780479,1.96451
780679,1.74730
780881,1.92737
780985,1.79581
781085,1.90942
781185,1.90666
781285,2.00149
781389,1.94505
781489,1.85744
781593,1.99482
781693,2.00859
781797,1.79272
781898,1.80248
781998,1.88268
782098,1.70422
782198,1.85039
782300,1.82698
782403,2.02575
782505,1.86984
782605,1.92292
782707,1.79810
782809,1.77331
782909,1.87379
783011,1.77015
783111,1.79429
783215,1.79571
783315,1.73276
783415,1.96758
783515,1.88532
783615,1.88073
783715,1.78239
783815,1.52489
783915,1.87340
784015,1.86278
784115,1.60535
784215,2.06838
784317,1.99199
784417,1.84369
784517,1.93966
784617,2.00058
784717,2.00566
784817,1.95665
784917,1.92943
785017,1.98646
785117,1.88077
785220,1.81827
785320,1.89370
785422,1.95766
785522,1.60589
785622,1.83699
785722,1.76161
785823,1.77777
785923,1.83188
786023,1.89975
786123,1.89871
786223,1.98374
786323,1.65259
786423,1.82742
786527,1.95385
786627,1.86682
786727,1.91342
786830,1.92171
786933,1.84807
787033,1.77282
787133,1.83337
787233,1.89808
787333,1.73733
787433,1.81049
787533,1.89142
787635,1.91080
787735,1.88334
787835,1.77751
787937,1.83420
788037,1.86711
788137,1.90088
788237,1.95701
788340,1.96431
788443,1.88458
788546,1.99436
788649,2.14600
788750,2.03258
788850,2.05916
788950,1.84218
789050,1.69961
789151,2.19326
789251,2.06613
789351,2.14720
789453,1.87201
789555,1.79755
789655,2.06206
789755,1.93159
789860,1.99804
789960,1.99394
790063,2.03078
790164,1.94339
790264,2.10810
790367,2.15198
790470,2.15434
790574,2.02805
790676,1.98271
790778,1.71677
790878,1.98280
790983,2.04038
791083,1.83284
791186,1.94165
791286,1.97460
791387,1.81286
791487,1.61776
791589,1.78462
791689,1.96312
791792,2.17464
791892,2.16328
791995,2.04619
792099,1.95930
792199,1.86469
792299,2.09276
792399,2.04571
792499,2.13519
792599,1.88860
792699,1.89138
792799,1.85962
792901,1.75762
793001,1.80144
793101,2.08301
793201,2.04570
793302,1.94584
793402,2.15671
793502,2.16151
793602,2.01171
793702,1.80736
793802,1.91734
793904,1.91953
794004,2.07607
794105,2.07075
794205,1.97143
794307,2.10734
794407,1.83694
794509,1.70652
794609,1.87374
794709,1.93931
794809,1.87836
794909,2.16245
795011,2.05427
795111,1.98688
795211,1.87972
795311,2.06209
795412,1.88037
795512,1.98243
795612,1.78592
795712,1.89749
795815,1.74362
795917,1.71958
796019,1.80710
796119,1.85947
796219,1.83438
796321,1.81209
796423,1.70896
796523,1.78139
796623,1.75404
796723,1.81845
796823,1.84265
796924,1.88847
797024,1.88804
797124,1.99232
797224,2.07268
797324,1.90667
797427,1.25943
797527,1.98943
797627,1.51492
797730,1.76588
797831,1.78589
797934,1.97053
798034,1.89719
798134,1.82881
798234,1.80190
798337,1.77676
798440,1.78783
798540,1.81724
798641,1.67726
798741,1.89478
798846,1.77327
798947,1.84255
799048,1.88208
799148,1.76399
799248,1.82962
799348,1.80759
799448,1.90294
799548,2.20892
799648,2.01516
799748,2.02154
799850,1.91439
799950,1.92094
800050,1.83101
800153,1.78114
800253,1.88319
800353,1.84391
800456,1.89025
800556,1.79517
800656,1.82040
800756,1.84466
800856,1.75004
800956,1.95582
801056,1.99985
801156,2.04141
801257,2.19185
801357,2.06447
801457,1.77388
801557,1.89180
801657,2.01860
801757,2.04308
801857,1.82484
801957,2.00335
802059,1.74898
802159,1.88234
802259,1.87533
802360,1.92273
802461,2.06956
802561,2.00129
802661,1.79592
802761,1.93425
802861,1.77459
802965,1.72629
803065,1.80589
803168,1.77301
803268,1.65392
803368,1.90988
803468,1.83407
803568,1.88893
803668,1.87123
803768,1.99759
803868,1.86575
803968,1.87542
804069,1.86895
804170,1.89828
804270,1.89652
804370,1.90411
804470,1.87830
804573,1.89702
804673,1.76118
804776,1.83912
804879,1.87671
804981,1.88884
805081,1.85567
805181,1.97991
805281,2.00638
805383,1.91795
805483,1.93821
805583,1.98937
805687,1.93481
805789,1.71900
805889,1.72215
805990,1.80547
806092,1.89249
806192,1.93869
806292,1.86327
806392,1.98060
806492,1.99228
806592,1.78425
806694,1.97325
806795,1.84487
806895,1.91801
806998,1.88658
807098,1.83328
807198,2.02409
807298,1.88755
807398,1.95010
807500,2.12191
807601,2.14384
807703,2.16014
807803,1.87281
807905,1.96935
808005,1.89482
808105,1.83355
808205,1.70701
808308,2.01187
808408,1.73606
808508,1.98308
808608,1.83041
808708,1.87714
808809,1.91376
808909,1.99759
809012,2.05004
809114,1.77816
809214,1.95899
809316,1.99750
809416,1.94481
809520,1.74886
809625,1.94312
809726,1.75036
809826,2.03901
809929,1.86202
810029,2.05464
810130,2.02476
810232,2.10607
810332,2.18146
810432,2.01670
810533,2.11315
810634,2.01760
810734,1.99688
810834,2.00616
810934,1.82406
811036,1.83048
811138,1.89165
811238,1.80061
811338,1.43418
811441,1.80735
811541,1.85585
811643,1.74442
811743,1.80643
811843,1.79197
811943,1.74237
812046,1.61918
812146,1.81201
812246,1.62855
812347,1.77449
812447,1.83190
812547,1.71603
812648,1.99138
812748,1.87325
812849,1.90487
812952,1.84176
813055,1.68380
813155,1.76036
813255,1.59772
813358,1.76970
813458,1.77358
813558,2.01106
813659,1.96910
813761,2.04511
813861,1.73703
813961,1.96642
814061,1.72413
814161,1.93949
814266,1.84345
814366,1.99699
814469,1.97995
814569,1.72642
814674,1.69149
814777,1.87905
814879,1.62807
814979,1.52031
815079,1.67631
815179,1.43386
815283,1.68310
815383,1.63706
815483,1.83088
815585,1.42050
815685,1.54524
815785,1.52411
815886,1.80461
815986,2.02689
816086,1.92277
816189,1.67185
816289,1.97731
816389,1.72281
816490,1.16785
816592,1.78134
816694,1.89895
816794,1.73441
816894,1.94958
816994,1.74294
817094,1.71072
817196,1.62404
817296,1.78592
817396,1.89101
817498,1.93306
817598,2.11534
817698,2.07103
817801,2.07334
817901,1.84411
818001,1.66469
818102,2.00948
818204,1.89862
818304,1.96326
818406,2.02455
818509,2.13086
818609,1.87115
818711,1.96791
818811,1.99939
818914,1.82394
819014,1.75964
819116,2.02517
819216,2.03980
819316,1.98163
819416,2.03371
819516,1.88186
819616,1.97331
819717,1.98986
819817,1.87479
819917,1.90609
820018,1.95321
820118,1.85498
820218,1.82420
820318,2.07187
820420,1.91927
820520,1.85855
820620,2.00324
820722,2.08436
820822,2.18752
820922,2.06688
821027,2.15906
821127,1.93792
821229,1.70438
821329,2.02982
821429,2.04982
821531,1.79462
821631,1.98185
821732,2.00281
821832,1.94931
821932,2.26105
822032,1.97761
822233,1.90155
822433,2.17865
822535,1.78867
822635,2.09683
822735,1.94443
822835,1.88371
822935,1.93300
823037,1.87709
823137,1.96942
823240,1.65021
823343,1.97239
823443,1.71195
823546,1.24194
823646,1.67004
823746,1.73853
823846,1.91685
823946,1.78865
824046,1.78808
824147,1.74376
824247,1.70660
824347,1.54059
824447,1.86577
824550,1.71439
824650,1.88869
824750,1.86399
824850,1.70138
824950,2.00473
825050,1.99422
825152,1.70746
825252,1.88776
825355,1.98487
825455,1.93257
825555,1.74349
825655,1.38557
825756,1.84620
825856,1.72385
825960,1.81936
826060,1.65981
826160,1.68804
826260,1.60511
826360,1.34266
826465,1.60750
826565,1.66107
826668,1.76497
826768,1.77692
826868,1.85506
826968,1.80358
827070,1.82398
827170,1.60442
827270,1.57279
827370,1.89437
827474,1.79399
827576,1.89306
827676,1.59199
827778,1.67927
827878,1.67163
827983,1.82327
828086,1.85887
828190,1.57319
828290,1.66296
828393,1.78659
828498,1.61253
828599,1.83813
828699,1.83145
828799,1.78588
828901,1.63718
829003,1.95604
829105,1.93227
829205,1.70055
829307,1.71885
829407,1.97119
829507,1.77196
829611,1.89732
829711,1.82613
829811,1.81127
829913,1.78022
830015,1.49812
830115,1.18984
830215,1.26560
830318,1.70622
830422,1.74333
830524,1.59680
830624,1.55704
830727,1.74601
830827,1.77972
830927,1.54200
831030,1.77096
831133,1.15185
831236,1.74223
831337,1.74238
831437,1.66241
831537,1.75785
831640,1.74210
831744,1.17483
831846,1.38623
831946,1.59559
832046,1.26673
832146,1.31445
832249,1.01112
832351,1.53593
832451,1.25927
832553,1.21107
832653,0.95226
832755,1.40449
832860,1.65541
832961,1.42471
833063,1.34461
833163,1.39976
833266,1.39534
833366,1.34544
833466,1.57911
833567,1.31803
833667,1.77517
833767,1.73419
833867,1.61944
833968,1.81278
834068,1.83694
834168,1.85857
834270,1.81701
834370,1.85429
834470,1.72904
834570,1.64364
834672,1.75941
834772,1.61158
834872,1.73358
834972,1.54506
835072,1.65846
835177,1.52655
835277,1.70089
835377,1.66330
835480,1.71815
835580,2.00165
835680,1.46451
835780,1.42727
835880,1.42680
835981,1.57872
836081,1.99613
836181,1.46484
836281,1.62215
836381,1.71884
836482,1.67212
836582,1.46655
836684,1.64241
836784,2.04952
836886,1.36855
836986,1.62068
837086,1.44703
837189,0.91000
837289,1.91266
837391,1.57111
837492,1.77651
837595,1.85441
837695,1.86342
837798,2.01051
837898,1.71109
838000,1.67390
838100,2.14591
838203,1.36147
838303,1.32944
838403,1.14290
838503,1.51377
838603,1.46597
838703,1.75879
838803,1.48166
838903,0.79792
839004,1.35167
839104,1.18616
839204,0.78350
839304,1.61201
839404,1.83602
839504,1.24605
839604,1.52959
839706,1.15997
839808,1.10483
839908,1.18226
840013,1.68037
840115,1.62293
840215,1.20856
840315,1.12671
840415,1.08244
840515,1.08882
840615,1.04889
840719,1.06905
840819,1.11131
840922,1.06804
841022,1.06693
841122,1.06513
841223,1.07463
841323,1.10172
841424,1.07725
841524,1.07152
841624,1.04419
841724,1.04996
841827,1.09193
841927,1.08658
842027,1.06079
842128,1.07932
842229,1.13257
842329,1.07514
842429,1.34851
842529,1.24616
842629,1.36919
842732,1.12627
842832,1.15855
842933,1.16220
843035,1.15785
843135,1.17254
843235,1.06581
843335,1.05991
843435,1.12160
843536,1.05854
843636,1.09430
843736,1.12537
843840,1.08561
843942,1.12679
844042,1.65359
844142,1.79318
844242,1.87491
844344,1.09226
844444,1.11667
844548,1.10295
844650,1.10763
844752,1.07427
844852,1.06248
844952,1.10944
845052,1.05453
845153,1.06813
845253,1.06720
845353,1.05763
845457,1.07435
845561,1.06457
845663,1.05421
845763,1.05945
845866,1.08210
845966,1.08079
846069,1.07116
846171,1.04127
846271,1.09548
846371,1.09145
846471,1.07971
846571,1.07981
846671,1.05888
846771,1.08330
846874,1.06064
846976,1.05180
847077,1.12114
847178,1.06884
847278,1.04771
847379,1.12157
847479,1.07415
847579,1.06634
847679,1.07853
847779,1.07243
847879,1.08458
847979,1.09127
848079,1.07295
848181,1.07446
848281,1.08541
848383,1.07878
848483,1.06128
848587,1.08287
848687,1.09220
848787,1.09361
848887,1.09770
848987,1.07950
849089,1.08526
849190,1.08467
849290,1.08904
849392,1.07681
849493,1.07062
849593,1.06890
849693,1.12526
849793,1.09674
849893,1.08267
849993,1.07648
850093,1.10510
850193,1.10535
850293,1.08559
850395,1.07869
850495,1.08059
850595,1.06031
850696,1.06818
850796,1.08969
850896,1.07825
850998,1.06544
851098,1.09102
851201,1.08465
851301,1.09766
851403,1.06854
851504,1.07383
851604,1.03325
851707,1.03528
851807,1.08896
851907,1.05446
